[debug] [2026-08-03T13:17:29.854Z] ----------------------------------------------------------------------
[debug] [2026-08-03T13:17:29.859Z] Command:       /usr/local/share/nvm/versions/node/v24.14.0/bin/node /home/codespace/nvm/current/bin/firebase deploy --only functions
[debug] [2026-08-03T13:17:29.860Z] CLI Version:   15.25.1
[debug] [2026-08-03T13:17:29.860Z] Platform:      linux
[debug] [2026-08-03T13:17:29.860Z] Node Version:  v24.14.0
[debug] [2026-08-03T13:17:29.860Z] Detected Agent: unknown
[debug] [2026-08-03T13:17:29.860Z] Time:          Mon Aug 03 2026 13:17:29 GMT+0000 (Coordinated Universal Time)
[debug] [2026-08-03T13:17:29.861Z] ----------------------------------------------------------------------
[debug] 
[debug] [2026-08-03T13:17:30.834Z] > command requires scopes: ["email","openid","https://www.googleapis.com/auth/cloudplatformprojects.readonly","https://www.googleapis.com/auth/firebase","https://www.googleapis.com/auth/cloud-platform"]
[debug] [2026-08-03T13:17:30.835Z] > authorizing via signed-in user (marianokrakentv@gmail.com)
[debug] [2026-08-03T13:17:30.835Z] [iam] checking project entrenando-8a141 for permissions ["cloudfunctions.functions.create","cloudfunctions.functions.delete","cloudfunctions.functions.get","cloudfunctions.functions.list","cloudfunctions.functions.update","cloudfunctions.operations.get","firebase.projects.get"]
[debug] [2026-08-03T13:17:30.846Z] Checked if tokens are valid: true, expires at: 1785764767620
[debug] [2026-08-03T13:17:30.846Z] Checked if tokens are valid: true, expires at: 1785764767620
[debug] [2026-08-03T13:17:30.847Z] >>> [apiv2][query] POST https://cloudresourcemanager.googleapis.com/v1/projects/entrenando-8a141:testIamPermissions [none]
[debug] [2026-08-03T13:17:30.847Z] >>> [apiv2][(partial)header] POST https://cloudresourcemanager.googleapis.com/v1/projects/entrenando-8a141:testIamPermissions  x-goog-user-project=entrenando-8a141
[debug] [2026-08-03T13:17:30.847Z] >>> [apiv2][body] POST https://cloudresourcemanager.googleapis.com/v1/projects/entrenando-8a141:testIamPermissions {"permissions":["cloudfunctions.functions.create","cloudfunctions.functions.delete","cloudfunctions.functions.get","cloudfunctions.functions.list","cloudfunctions.functions.update","cloudfunctions.operations.get","firebase.projects.get"]}
[debug] [2026-08-03T13:17:30.960Z] <<< [apiv2][status] POST https://cloudresourcemanager.googleapis.com/v1/projects/entrenando-8a141:testIamPermissions 200
[debug] [2026-08-03T13:17:30.961Z] <<< [apiv2][body] POST https://cloudresourcemanager.googleapis.com/v1/projects/entrenando-8a141:testIamPermissions {"permissions":["cloudfunctions.functions.create","cloudfunctions.functions.delete","cloudfunctions.functions.get","cloudfunctions.functions.list","cloudfunctions.functions.update","cloudfunctions.operations.get","firebase.projects.get"]}
[debug] [2026-08-03T13:17:30.962Z] Checked if tokens are valid: true, expires at: 1785764767620
[debug] [2026-08-03T13:17:30.962Z] Checked if tokens are valid: true, expires at: 1785764767620
[debug] [2026-08-03T13:17:30.962Z] >>> [apiv2][query] POST https://iam.googleapis.com/v1/projects/entrenando-8a141/serviceAccounts/entrenando-8a141@appspot.gserviceaccount.com:testIamPermissions [none]
[debug] [2026-08-03T13:17:30.962Z] >>> [apiv2][body] POST https://iam.googleapis.com/v1/projects/entrenando-8a141/serviceAccounts/entrenando-8a141@appspot.gserviceaccount.com:testIamPermissions {"permissions":["iam.serviceAccounts.actAs"]}
[debug] [2026-08-03T13:17:31.109Z] <<< [apiv2][status] POST https://iam.googleapis.com/v1/projects/entrenando-8a141/serviceAccounts/entrenando-8a141@appspot.gserviceaccount.com:testIamPermissions 404
[debug] [2026-08-03T13:17:31.110Z] <<< [apiv2][body] POST https://iam.googleapis.com/v1/projects/entrenando-8a141/serviceAccounts/entrenando-8a141@appspot.gserviceaccount.com:testIamPermissions {"error":{"code":404,"message":"Unknown service account","status":"NOT_FOUND"}}
[debug] [2026-08-03T13:17:31.110Z] [functions] service account IAM check errored, deploy may fail: Request to https://iam.googleapis.com/v1/projects/entrenando-8a141/serviceAccounts/entrenando-8a141@appspot.gserviceaccount.com:testIamPermissions had HTTP Error: 404, Unknown service account {"name":"FirebaseError","children":[],"context":{"body":{"error":{"code":404,"message":"Unknown service account","status":"NOT_FOUND"}},"response":{"statusCode":404}},"exit":1,"message":"Request to https://iam.googleapis.com/v1/projects/entrenando-8a141/serviceAccounts/entrenando-8a141@appspot.gserviceaccount.com:testIamPermissions had HTTP Error: 404, Unknown service account","status":404}
[info] 
[info] === Deploying to 'entrenando-8a141'...
[info] 
[info] i  deploying functions 
[debug] [2026-08-03T13:17:31.118Z] Checked if tokens are valid: true, expires at: 1785764767620
[debug] [2026-08-03T13:17:31.118Z] Checked if tokens are valid: true, expires at: 1785764767620
[debug] [2026-08-03T13:17:31.118Z] >>> [apiv2][query] GET https://cloudresourcemanager.googleapis.com/v1/projects/entrenando-8a141 [none]
[debug] [2026-08-03T13:17:31.222Z] <<< [apiv2][status] GET https://cloudresourcemanager.googleapis.com/v1/projects/entrenando-8a141 200
[debug] [2026-08-03T13:17:31.222Z] <<< [apiv2][body] GET https://cloudresourcemanager.googleapis.com/v1/projects/entrenando-8a141 {"projectNumber":"872343715857","projectId":"entrenando-8a141","lifecycleState":"ACTIVE","name":"Entrenando","labels":{"firebase":"enabled","firebase-core":"disabled"},"createTime":"2026-07-28T18:19:51.049Z"}
[info] i  functions: preparing codebase default for deployment 
[info] i  functions: ensuring required API cloudfunctions.googleapis.com is enabled... 
[debug] [2026-08-03T13:17:31.223Z] Checked if tokens are valid: true, expires at: 1785764767620
[debug] [2026-08-03T13:17:31.224Z] Checked if tokens are valid: true, expires at: 1785764767620
[debug] [2026-08-03T13:17:31.224Z] Checked if tokens are valid: true, expires at: 1785764767620
[debug] [2026-08-03T13:17:31.224Z] Checked if tokens are valid: true, expires at: 1785764767620
[info] i  functions: ensuring required API cloudbuild.googleapis.com is enabled... 
[debug] [2026-08-03T13:17:31.224Z] Checked if tokens are valid: true, expires at: 1785764767620
[debug] [2026-08-03T13:17:31.224Z] Checked if tokens are valid: true, expires at: 1785764767620
[info] i  artifactregistry: ensuring required API artifactregistry.googleapis.com is enabled... 
[debug] [2026-08-03T13:17:31.225Z] Checked if tokens are valid: true, expires at: 1785764767620
[debug] [2026-08-03T13:17:31.225Z] Checked if tokens are valid: true, expires at: 1785764767620
[debug] [2026-08-03T13:17:31.225Z] >>> [apiv2][query] GET https://serviceusage.googleapis.com/v1/projects/entrenando-8a141/services/cloudfunctions.googleapis.com [none]
[debug] [2026-08-03T13:17:31.225Z] >>> [apiv2][(partial)header] GET https://serviceusage.googleapis.com/v1/projects/entrenando-8a141/services/cloudfunctions.googleapis.com  x-goog-user-project=entrenando-8a141
[debug] [2026-08-03T13:17:31.226Z] >>> [apiv2][query] GET https://serviceusage.googleapis.com/v1/projects/entrenando-8a141/services/runtimeconfig.googleapis.com [none]
[debug] [2026-08-03T13:17:31.226Z] >>> [apiv2][(partial)header] GET https://serviceusage.googleapis.com/v1/projects/entrenando-8a141/services/runtimeconfig.googleapis.com  x-goog-user-project=entrenando-8a141
[debug] [2026-08-03T13:17:31.227Z] >>> [apiv2][query] GET https://serviceusage.googleapis.com/v1/projects/entrenando-8a141/services/cloudbuild.googleapis.com [none]
[debug] [2026-08-03T13:17:31.227Z] >>> [apiv2][(partial)header] GET https://serviceusage.googleapis.com/v1/projects/entrenando-8a141/services/cloudbuild.googleapis.com  x-goog-user-project=entrenando-8a141
[debug] [2026-08-03T13:17:31.228Z] >>> [apiv2][query] GET https://serviceusage.googleapis.com/v1/projects/entrenando-8a141/services/artifactregistry.googleapis.com [none]
[debug] [2026-08-03T13:17:31.228Z] >>> [apiv2][(partial)header] GET https://serviceusage.googleapis.com/v1/projects/entrenando-8a141/services/artifactregistry.googleapis.com  x-goog-user-project=entrenando-8a141
[debug] [2026-08-03T13:17:31.502Z] <<< [apiv2][status] GET https://serviceusage.googleapis.com/v1/projects/entrenando-8a141/services/cloudbuild.googleapis.com 200
[debug] [2026-08-03T13:17:31.502Z] <<< [apiv2][body] GET https://serviceusage.googleapis.com/v1/projects/entrenando-8a141/services/cloudbuild.googleapis.com [omitted]
[warn] ⚠  functions: missing required API cloudbuild.googleapis.com. Enabling now... 
[debug] [2026-08-03T13:17:31.504Z] Checked if tokens are valid: true, expires at: 1785764767620
[debug] [2026-08-03T13:17:31.504Z] Checked if tokens are valid: true, expires at: 1785764767620
[debug] [2026-08-03T13:17:31.504Z] >>> [apiv2][query] POST https://serviceusage.googleapis.com/v1/projects/entrenando-8a141/services/cloudbuild.googleapis.com:enable [none]
[debug] [2026-08-03T13:17:31.504Z] >>> [apiv2][(partial)header] POST https://serviceusage.googleapis.com/v1/projects/entrenando-8a141/services/cloudbuild.googleapis.com:enable  x-goog-user-project=entrenando-8a141
[debug] [2026-08-03T13:17:31.527Z] <<< [apiv2][status] GET https://serviceusage.googleapis.com/v1/projects/entrenando-8a141/services/artifactregistry.googleapis.com 200
[debug] [2026-08-03T13:17:31.527Z] <<< [apiv2][body] GET https://serviceusage.googleapis.com/v1/projects/entrenando-8a141/services/artifactregistry.googleapis.com [omitted]
[warn] ⚠  artifactregistry: missing required API artifactregistry.googleapis.com. Enabling now... 
[debug] [2026-08-03T13:17:31.528Z] Checked if tokens are valid: true, expires at: 1785764767620
[debug] [2026-08-03T13:17:31.528Z] Checked if tokens are valid: true, expires at: 1785764767620
[debug] [2026-08-03T13:17:31.528Z] >>> [apiv2][query] POST https://serviceusage.googleapis.com/v1/projects/entrenando-8a141/services/artifactregistry.googleapis.com:enable [none]
[debug] [2026-08-03T13:17:31.528Z] >>> [apiv2][(partial)header] POST https://serviceusage.googleapis.com/v1/projects/entrenando-8a141/services/artifactregistry.googleapis.com:enable  x-goog-user-project=entrenando-8a141
[debug] [2026-08-03T13:17:31.540Z] <<< [apiv2][status] GET https://serviceusage.googleapis.com/v1/projects/entrenando-8a141/services/runtimeconfig.googleapis.com 200
[debug] [2026-08-03T13:17:31.541Z] <<< [apiv2][body] GET https://serviceusage.googleapis.com/v1/projects/entrenando-8a141/services/runtimeconfig.googleapis.com [omitted]
[debug] [2026-08-03T13:17:31.648Z] <<< [apiv2][status] GET https://serviceusage.googleapis.com/v1/projects/entrenando-8a141/services/cloudfunctions.googleapis.com 200
[debug] [2026-08-03T13:17:31.648Z] <<< [apiv2][body] GET https://serviceusage.googleapis.com/v1/projects/entrenando-8a141/services/cloudfunctions.googleapis.com [omitted]
[warn] ⚠  functions: missing required API cloudfunctions.googleapis.com. Enabling now... 
[debug] [2026-08-03T13:17:31.648Z] Checked if tokens are valid: true, expires at: 1785764767620
[debug] [2026-08-03T13:17:31.648Z] Checked if tokens are valid: true, expires at: 1785764767620
[debug] [2026-08-03T13:17:31.648Z] >>> [apiv2][query] POST https://serviceusage.googleapis.com/v1/projects/entrenando-8a141/services/cloudfunctions.googleapis.com:enable [none]
[debug] [2026-08-03T13:17:31.648Z] >>> [apiv2][(partial)header] POST https://serviceusage.googleapis.com/v1/projects/entrenando-8a141/services/cloudfunctions.googleapis.com:enable  x-goog-user-project=entrenando-8a141
[debug] [2026-08-03T13:17:32.081Z] <<< [apiv2][status] POST https://serviceusage.googleapis.com/v1/projects/entrenando-8a141/services/cloudbuild.googleapis.com:enable 200
[debug] [2026-08-03T13:17:32.081Z] <<< [apiv2][body] POST https://serviceusage.googleapis.com/v1/projects/entrenando-8a141/services/cloudbuild.googleapis.com:enable [omitted]
[debug] [2026-08-03T13:17:32.166Z] <<< [apiv2][status] POST https://serviceusage.googleapis.com/v1/projects/entrenando-8a141/services/artifactregistry.googleapis.com:enable 200
[debug] [2026-08-03T13:17:32.166Z] <<< [apiv2][body] POST https://serviceusage.googleapis.com/v1/projects/entrenando-8a141/services/artifactregistry.googleapis.com:enable [omitted]
[debug] [2026-08-03T13:17:32.218Z] <<< [apiv2][status] POST https://serviceusage.googleapis.com/v1/projects/entrenando-8a141/services/cloudfunctions.googleapis.com:enable 200
[debug] [2026-08-03T13:17:32.218Z] <<< [apiv2][body] POST https://serviceusage.googleapis.com/v1/projects/entrenando-8a141/services/cloudfunctions.googleapis.com:enable [omitted]
[debug] [2026-08-03T13:17:42.222Z] Checked if tokens are valid: true, expires at: 1785764767620
[debug] [2026-08-03T13:17:42.222Z] Checked if tokens are valid: true, expires at: 1785764767620
[debug] [2026-08-03T13:17:42.222Z] >>> [apiv2][query] GET https://firebase.googleapis.com/v1beta1/projects/entrenando-8a141/adminSdkConfig [none]
[debug] [2026-08-03T13:17:42.607Z] <<< [apiv2][status] GET https://firebase.googleapis.com/v1beta1/projects/entrenando-8a141/adminSdkConfig 200
[debug] [2026-08-03T13:17:42.607Z] <<< [apiv2][body] GET https://firebase.googleapis.com/v1beta1/projects/entrenando-8a141/adminSdkConfig {"projectId":"entrenando-8a141","storageBucket":"entrenando-8a141.firebasestorage.app"}
[debug] [2026-08-03T13:17:42.608Z] Checked if tokens are valid: true, expires at: 1785764767620
[debug] [2026-08-03T13:17:42.608Z] Checked if tokens are valid: true, expires at: 1785764767620
[debug] [2026-08-03T13:17:42.608Z] >>> [apiv2][query] GET https://runtimeconfig.googleapis.com/v1beta1/projects/entrenando-8a141/configs [none]
[debug] [2026-08-03T13:17:42.749Z] <<< [apiv2][status] GET https://runtimeconfig.googleapis.com/v1beta1/projects/entrenando-8a141/configs 200
[debug] [2026-08-03T13:17:42.749Z] <<< [apiv2][body] GET https://runtimeconfig.googleapis.com/v1beta1/projects/entrenando-8a141/configs {}
[debug] [2026-08-03T13:17:42.750Z] Validating nodejs source
[warn] ⚠  functions: Runtime Node.js 20 was deprecated on 2026-04-30 and will be decommissioned on 2026-10-30, after which you will not be able to deploy without upgrading. Consider upgrading now to avoid disruption. See https://cloud.google.com/functions/docs/runtime-support for full details on the lifecycle policy 
[warn] ⚠  functions: Couldn't find firebase-functions package in your source code. Have you run 'npm install'? 
[debug] [2026-08-03T13:17:42.751Z] getFunctionsSDKVersion encountered error: Cannot find module 'firebase-functions'
Require stack:
- /usr/local/share/nvm/versions/node/v24.14.0/lib/node_modules/firebase-tools/lib/deploy/functions/runtimes/node/versioning.js
- /usr/local/share/nvm/versions/node/v24.14.0/lib/node_modules/firebase-tools/lib/deploy/functions/runtimes/node/index.js
- /usr/local/share/nvm/versions/node/v24.14.0/lib/node_modules/firebase-tools/lib/deploy/functions/runtimes/index.js
- /usr/local/share/nvm/versions/node/v24.14.0/lib/node_modules/firebase-tools/lib/deploy/functions/prepare.js
- /usr/local/share/nvm/versions/node/v24.14.0/lib/node_modules/firebase-tools/lib/emulator/functionsEmulatorShared.js
- /usr/local/share/nvm/versions/node/v24.14.0/lib/node_modules/firebase-tools/lib/frameworks/index.js
- /usr/local/share/nvm/versions/node/v24.14.0/lib/node_modules/firebase-tools/lib/deploy/hosting/prepare.js
- /usr/local/share/nvm/versions/node/v24.14.0/lib/node_modules/firebase-tools/lib/deploy/hosting/index.js
- /usr/local/share/nvm/versions/node/v24.14.0/lib/node_modules/firebase-tools/lib/deploy/index.js
- /usr/local/share/nvm/versions/node/v24.14.0/lib/node_modules/firebase-tools/lib/checkValidTargetFilters.js
- /usr/local/share/nvm/versions/node/v24.14.0/lib/node_modules/firebase-tools/lib/commands/deploy.js
- /usr/local/share/nvm/versions/node/v24.14.0/lib/node_modules/firebase-tools/lib/commands/index.js
- /usr/local/share/nvm/versions/node/v24.14.0/lib/node_modules/firebase-tools/lib/index.js
- /usr/local/share/nvm/versions/node/v24.14.0/lib/node_modules/firebase-tools/lib/bin/cli.js
- /usr/local/share/nvm/versions/node/v24.14.0/lib/node_modules/firebase-tools/lib/bin/firebase.js {"code":"MODULE_NOT_FOUND","requireStack":["/usr/local/share/nvm/versions/node/v24.14.0/lib/node_modules/firebase-tools/lib/deploy/functions/runtimes/node/versioning.js","/usr/local/share/nvm/versions/node/v24.14.0/lib/node_modules/firebase-tools/lib/deploy/functions/runtimes/node/index.js","/usr/local/share/nvm/versions/node/v24.14.0/lib/node_modules/firebase-tools/lib/deploy/functions/runtimes/index.js","/usr/local/share/nvm/versions/node/v24.14.0/lib/node_modules/firebase-tools/lib/deploy/functions/prepare.js","/usr/local/share/nvm/versions/node/v24.14.0/lib/node_modules/firebase-tools/lib/emulator/functionsEmulatorShared.js","/usr/local/share/nvm/versions/node/v24.14.0/lib/node_modules/firebase-tools/lib/frameworks/index.js","/usr/local/share/nvm/versions/node/v24.14.0/lib/node_modules/firebase-tools/lib/deploy/hosting/prepare.js","/usr/local/share/nvm/versions/node/v24.14.0/lib/node_modules/firebase-tools/lib/deploy/hosting/index.js","/usr/local/share/nvm/versions/node/v24.14.0/lib/node_modules/firebase-tools/lib/deploy/index.js","/usr/local/share/nvm/versions/node/v24.14.0/lib/node_modules/firebase-tools/lib/checkValidTargetFilters.js","/usr/local/share/nvm/versions/node/v24.14.0/lib/node_modules/firebase-tools/lib/commands/deploy.js","/usr/local/share/nvm/versions/node/v24.14.0/lib/node_modules/firebase-tools/lib/commands/index.js","/usr/local/share/nvm/versions/node/v24.14.0/lib/node_modules/firebase-tools/lib/index.js","/usr/local/share/nvm/versions/node/v24.14.0/lib/node_modules/firebase-tools/lib/bin/cli.js","/usr/local/share/nvm/versions/node/v24.14.0/lib/node_modules/firebase-tools/lib/bin/firebase.js"]}
[debug] [2026-08-03T13:17:42.751Z] checkFunctionsSDKVersion encountered error: Invalid Version:  {}
[debug] [2026-08-03T13:17:42.752Z] > [functions] package.json contents: {
  "name": "gymwork-functions",
  "description": "Cloud Functions para GymWork (roles + estadísticas agregadas)",
  "engines": {
    "node": "20"
  },
  "main": "index.js",
  "scripts": {
    "deploy": "firebase deploy --only functions",
    "logs": "firebase functions:log"
  },
  "dependencies": {
    "firebase-admin": "^12.6.0",
    "firebase-functions": "^6.0.1"
  },
  "private": true
}
[debug] [2026-08-03T13:17:42.752Z] Building nodejs source
[info] i  functions: Loading and analyzing source code for codebase default to determine what to deploy 
[debug] [2026-08-03T13:17:42.753Z] Could not parse firebase-functions version '' into semver.
[debug] [2026-08-03T13:17:42.753Z] Could not find functions.yaml. Must use http discovery
[debug] [2026-08-03T13:17:42.757Z] Error: Cannot find module 'firebase-functions'
Require stack:
- /usr/local/share/nvm/versions/node/v24.14.0/lib/node_modules/firebase-tools/lib/deploy/functions/runtimes/node/index.js
- /usr/local/share/nvm/versions/node/v24.14.0/lib/node_modules/firebase-tools/lib/deploy/functions/runtimes/index.js
- /usr/local/share/nvm/versions/node/v24.14.0/lib/node_modules/firebase-tools/lib/deploy/functions/prepare.js
- /usr/local/share/nvm/versions/node/v24.14.0/lib/node_modules/firebase-tools/lib/emulator/functionsEmulatorShared.js
- /usr/local/share/nvm/versions/node/v24.14.0/lib/node_modules/firebase-tools/lib/frameworks/index.js
- /usr/local/share/nvm/versions/node/v24.14.0/lib/node_modules/firebase-tools/lib/deploy/hosting/prepare.js
- /usr/local/share/nvm/versions/node/v24.14.0/lib/node_modules/firebase-tools/lib/deploy/hosting/index.js
- /usr/local/share/nvm/versions/node/v24.14.0/lib/node_modules/firebase-tools/lib/deploy/index.js
- /usr/local/share/nvm/versions/node/v24.14.0/lib/node_modules/firebase-tools/lib/checkValidTargetFilters.js
- /usr/local/share/nvm/versions/node/v24.14.0/lib/node_modules/firebase-tools/lib/commands/deploy.js
- /usr/local/share/nvm/versions/node/v24.14.0/lib/node_modules/firebase-tools/lib/commands/index.js
- /usr/local/share/nvm/versions/node/v24.14.0/lib/node_modules/firebase-tools/lib/index.js
- /usr/local/share/nvm/versions/node/v24.14.0/lib/node_modules/firebase-tools/lib/bin/cli.js
- /usr/local/share/nvm/versions/node/v24.14.0/lib/node_modules/firebase-tools/lib/bin/firebase.js
    at Module._resolveFilename (node:internal/modules/cjs/loader:1456:15)
    at require.resolve (node:internal/modules/helpers:163:19)
    at Delegate.findFunctionsBinary (/usr/local/share/nvm/versions/node/v24.14.0/lib/node_modules/firebase-tools/lib/deploy/functions/runtimes/node/index.js:98:33)
    at Delegate.spawnFunctionsProcess (/usr/local/share/nvm/versions/node/v24.14.0/lib/node_modules/firebase-tools/lib/deploy/functions/runtimes/node/index.js:128:30)
    at Delegate.serveAdmin (/usr/local/share/nvm/versions/node/v24.14.0/lib/node_modules/firebase-tools/lib/deploy/functions/runtimes/node/index.js:149:35)
    at Delegate.discoverBuild (/usr/local/share/nvm/versions/node/v24.14.0/lib/node_modules/firebase-tools/lib/deploy/functions/runtimes/node/index.js:192:41)
    at process.processTicksAndRejections (node:internal/process/task_queues:104:5)
    at async loadCodebases (/usr/local/share/nvm/versions/node/v24.14.0/lib/node_modules/firebase-tools/lib/deploy/functions/prepare.js:506:33)
    at async prepare (/usr/local/share/nvm/versions/node/v24.14.0/lib/node_modules/firebase-tools/lib/deploy/functions/prepare.js:174:24)
    at async chain (/usr/local/share/nvm/versions/node/v24.14.0/lib/node_modules/firebase-tools/lib/deploy/index.js:105:9)
[error] 
[error] Error: An unexpected error has occurred.
[debug] [2026-08-03T13:19:44.228Z] ----------------------------------------------------------------------
[debug] [2026-08-03T13:19:44.230Z] Command:       /usr/local/share/nvm/versions/node/v24.14.0/bin/node /home/codespace/nvm/current/bin/firebase deploy --only functions
[debug] [2026-08-03T13:19:44.230Z] CLI Version:   15.25.1
[debug] [2026-08-03T13:19:44.231Z] Platform:      linux
[debug] [2026-08-03T13:19:44.231Z] Node Version:  v24.14.0
[debug] [2026-08-03T13:19:44.231Z] Detected Agent: unknown
[debug] [2026-08-03T13:19:44.231Z] Time:          Mon Aug 03 2026 13:19:44 GMT+0000 (Coordinated Universal Time)
[debug] [2026-08-03T13:19:44.231Z] ----------------------------------------------------------------------
[debug] 
[debug] [2026-08-03T13:19:45.257Z] > command requires scopes: ["email","openid","https://www.googleapis.com/auth/cloudplatformprojects.readonly","https://www.googleapis.com/auth/firebase","https://www.googleapis.com/auth/cloud-platform"]
[debug] [2026-08-03T13:19:45.257Z] > authorizing via signed-in user (marianokrakentv@gmail.com)
[debug] [2026-08-03T13:19:45.257Z] [iam] checking project entrenando-8a141 for permissions ["cloudfunctions.functions.create","cloudfunctions.functions.delete","cloudfunctions.functions.get","cloudfunctions.functions.list","cloudfunctions.functions.update","cloudfunctions.operations.get","firebase.projects.get"]
[debug] [2026-08-03T13:19:45.270Z] Checked if tokens are valid: true, expires at: 1785764767620
[debug] [2026-08-03T13:19:45.270Z] Checked if tokens are valid: true, expires at: 1785764767620
[debug] [2026-08-03T13:19:45.271Z] >>> [apiv2][query] POST https://cloudresourcemanager.googleapis.com/v1/projects/entrenando-8a141:testIamPermissions [none]
[debug] [2026-08-03T13:19:45.272Z] >>> [apiv2][(partial)header] POST https://cloudresourcemanager.googleapis.com/v1/projects/entrenando-8a141:testIamPermissions  x-goog-user-project=entrenando-8a141
[debug] [2026-08-03T13:19:45.272Z] >>> [apiv2][body] POST https://cloudresourcemanager.googleapis.com/v1/projects/entrenando-8a141:testIamPermissions {"permissions":["cloudfunctions.functions.create","cloudfunctions.functions.delete","cloudfunctions.functions.get","cloudfunctions.functions.list","cloudfunctions.functions.update","cloudfunctions.operations.get","firebase.projects.get"]}
[debug] [2026-08-03T13:19:45.381Z] <<< [apiv2][status] POST https://cloudresourcemanager.googleapis.com/v1/projects/entrenando-8a141:testIamPermissions 200
[debug] [2026-08-03T13:19:45.381Z] <<< [apiv2][body] POST https://cloudresourcemanager.googleapis.com/v1/projects/entrenando-8a141:testIamPermissions {"permissions":["cloudfunctions.functions.create","cloudfunctions.functions.delete","cloudfunctions.functions.get","cloudfunctions.functions.list","cloudfunctions.functions.update","cloudfunctions.operations.get","firebase.projects.get"]}
[debug] [2026-08-03T13:19:45.382Z] Checked if tokens are valid: true, expires at: 1785764767620
[debug] [2026-08-03T13:19:45.382Z] Checked if tokens are valid: true, expires at: 1785764767620
[debug] [2026-08-03T13:19:45.382Z] >>> [apiv2][query] POST https://iam.googleapis.com/v1/projects/entrenando-8a141/serviceAccounts/entrenando-8a141@appspot.gserviceaccount.com:testIamPermissions [none]
[debug] [2026-08-03T13:19:45.382Z] >>> [apiv2][body] POST https://iam.googleapis.com/v1/projects/entrenando-8a141/serviceAccounts/entrenando-8a141@appspot.gserviceaccount.com:testIamPermissions {"permissions":["iam.serviceAccounts.actAs"]}
[debug] [2026-08-03T13:19:45.484Z] <<< [apiv2][status] POST https://iam.googleapis.com/v1/projects/entrenando-8a141/serviceAccounts/entrenando-8a141@appspot.gserviceaccount.com:testIamPermissions 200
[debug] [2026-08-03T13:19:45.485Z] <<< [apiv2][body] POST https://iam.googleapis.com/v1/projects/entrenando-8a141/serviceAccounts/entrenando-8a141@appspot.gserviceaccount.com:testIamPermissions {"permissions":["iam.serviceAccounts.actAs"]}
[info] 
[info] === Deploying to 'entrenando-8a141'...
[info] 
[info] i  deploying functions 
[debug] [2026-08-03T13:19:45.488Z] Checked if tokens are valid: true, expires at: 1785764767620
[debug] [2026-08-03T13:19:45.488Z] Checked if tokens are valid: true, expires at: 1785764767620
[debug] [2026-08-03T13:19:45.489Z] >>> [apiv2][query] GET https://cloudresourcemanager.googleapis.com/v1/projects/entrenando-8a141 [none]
[debug] [2026-08-03T13:19:45.597Z] <<< [apiv2][status] GET https://cloudresourcemanager.googleapis.com/v1/projects/entrenando-8a141 200
[debug] [2026-08-03T13:19:45.598Z] <<< [apiv2][body] GET https://cloudresourcemanager.googleapis.com/v1/projects/entrenando-8a141 {"projectNumber":"872343715857","projectId":"entrenando-8a141","lifecycleState":"ACTIVE","name":"Entrenando","labels":{"firebase":"enabled","firebase-core":"disabled"},"createTime":"2026-07-28T18:19:51.049Z"}
[info] i  functions: preparing codebase default for deployment 
[info] i  functions: ensuring required API cloudfunctions.googleapis.com is enabled... 
[info] i  functions: ensuring required API cloudbuild.googleapis.com is enabled... 
[info] i  artifactregistry: ensuring required API artifactregistry.googleapis.com is enabled... 
[debug] [2026-08-03T13:19:45.600Z] Checked if tokens are valid: true, expires at: 1785764767620
[debug] [2026-08-03T13:19:45.600Z] Checked if tokens are valid: true, expires at: 1785764767620
[debug] [2026-08-03T13:19:45.600Z] >>> [apiv2][query] GET https://firebase.googleapis.com/v1beta1/projects/entrenando-8a141/adminSdkConfig [none]
[debug] [2026-08-03T13:19:45.940Z] <<< [apiv2][status] GET https://firebase.googleapis.com/v1beta1/projects/entrenando-8a141/adminSdkConfig 200
[debug] [2026-08-03T13:19:45.940Z] <<< [apiv2][body] GET https://firebase.googleapis.com/v1beta1/projects/entrenando-8a141/adminSdkConfig {"projectId":"entrenando-8a141","storageBucket":"entrenando-8a141.firebasestorage.app"}
[debug] [2026-08-03T13:19:45.941Z] Checked if tokens are valid: true, expires at: 1785764767620
[debug] [2026-08-03T13:19:45.941Z] Checked if tokens are valid: true, expires at: 1785764767620
[debug] [2026-08-03T13:19:45.941Z] >>> [apiv2][query] GET https://runtimeconfig.googleapis.com/v1beta1/projects/entrenando-8a141/configs [none]
[debug] [2026-08-03T13:19:46.066Z] <<< [apiv2][status] GET https://runtimeconfig.googleapis.com/v1beta1/projects/entrenando-8a141/configs 200
[debug] [2026-08-03T13:19:46.066Z] <<< [apiv2][body] GET https://runtimeconfig.googleapis.com/v1beta1/projects/entrenando-8a141/configs {}
[debug] [2026-08-03T13:19:46.067Z] Validating nodejs source
[warn] ⚠  functions: Runtime Node.js 20 was deprecated on 2026-04-30 and will be decommissioned on 2026-10-30, after which you will not be able to deploy without upgrading. Consider upgrading now to avoid disruption. See https://cloud.google.com/functions/docs/runtime-support for full details on the lifecycle policy 
[warn] ⚠  functions: package.json indicates an outdated version of firebase-functions. Please upgrade using npm install --save firebase-functions@latest in your functions directory. 
[warn] ⚠  functions: Please note that there will be breaking changes when you upgrade. 
[debug] [2026-08-03T13:19:46.607Z] > [functions] package.json contents: {
  "name": "gymwork-functions",
  "description": "Cloud Functions para GymWork (roles + estadísticas agregadas)",
  "engines": {
    "node": "20"
  },
  "main": "index.js",
  "scripts": {
    "deploy": "firebase deploy --only functions",
    "logs": "firebase functions:log"
  },
  "dependencies": {
    "firebase-admin": "^12.6.0",
    "firebase-functions": "^6.0.1"
  },
  "private": true
}
[debug] [2026-08-03T13:19:46.607Z] Building nodejs source
[info] i  functions: Loading and analyzing source code for codebase default to determine what to deploy 
[debug] [2026-08-03T13:19:46.609Z] Could not find functions.yaml. Must use http discovery
[debug] [2026-08-03T13:19:46.613Z] Found firebase-functions binary at '/workspaces/Entrenando/functions/node_modules/.bin/firebase-functions'
[info] Serving at port 8039

[debug] [2026-08-03T13:19:47.232Z] Got response from /__/functions.yaml {"endpoints":{"asignarRolClaim":{"availableMemoryMb":null,"timeoutSeconds":null,"minInstances":null,"maxInstances":null,"ingressSettings":null,"concurrency":null,"serviceAccountEmail":null,"vpc":null,"platform":"gcfv2","labels":{},"eventTrigger":{"eventType":"google.cloud.firestore.document.v1.created","eventFilters":{"database":"(default)","namespace":"(default)"},"eventFilterPathPatterns":{"document":"usuarios/{uid}"},"retry":false},"entryPoint":"asignarRolClaim"},"recalcularStats":{"availableMemoryMb":null,"timeoutSeconds":null,"minInstances":null,"maxInstances":null,"ingressSettings":null,"concurrency":null,"serviceAccountEmail":null,"vpc":null,"platform":"gcfv2","labels":{},"eventTrigger":{"eventType":"google.cloud.firestore.document.v1.created","eventFilters":{"database":"(default)","namespace":"(default)"},"eventFilterPathPatterns":{"document":"usuarios/{uid}/historial/{sesionId}"},"retry":false},"entryPoint":"recalcularStats"},"ia":{"availableMemoryMb":null,"timeoutSeconds":null,"minInstances":null,"maxInstances":null,"ingressSettings":null,"concurrency":null,"serviceAccountEmail":null,"vpc":null,"platform":"gcfv2","secretEnvironmentVariables":[{"key":"GEMINI_API_KEY"}],"labels":{},"httpsTrigger":{},"entryPoint":"ia"}},"specVersion":"v1alpha1","requiredAPIs":[],"extensions":{},"params":[{"type":"secret","name":"GEMINI_API_KEY"}]}
[debug] [2026-08-03T13:19:50.309Z] Checked if tokens are valid: true, expires at: 1785764767620
[debug] [2026-08-03T13:19:50.309Z] Checked if tokens are valid: true, expires at: 1785764767620
[debug] [2026-08-03T13:19:50.309Z] >>> [apiv2][query] GET https://cloudfunctions.googleapis.com/v1/projects/entrenando-8a141/locations/-/functions [none]
[debug] [2026-08-03T13:19:50.825Z] <<< [apiv2][status] GET https://cloudfunctions.googleapis.com/v1/projects/entrenando-8a141/locations/-/functions 200
[debug] [2026-08-03T13:19:50.825Z] <<< [apiv2][body] GET https://cloudfunctions.googleapis.com/v1/projects/entrenando-8a141/locations/-/functions {}
[debug] [2026-08-03T13:19:50.825Z] Checked if tokens are valid: true, expires at: 1785764767620
[debug] [2026-08-03T13:19:50.825Z] Checked if tokens are valid: true, expires at: 1785764767620
[debug] [2026-08-03T13:19:50.825Z] >>> [apiv2][query] GET https://cloudfunctions.googleapis.com/v2/projects/entrenando-8a141/locations/-/functions filter=environment%3D%22GEN_2%22
[debug] [2026-08-03T13:19:51.237Z] <<< [apiv2][status] GET https://cloudfunctions.googleapis.com/v2/projects/entrenando-8a141/locations/-/functions 200
[debug] [2026-08-03T13:19:51.237Z] <<< [apiv2][body] GET https://cloudfunctions.googleapis.com/v2/projects/entrenando-8a141/locations/-/functions {}
[info] i  extensions: ensuring required API firebaseextensions.googleapis.com is enabled... 
[debug] [2026-08-03T13:19:51.239Z] Checked if tokens are valid: true, expires at: 1785764767620
[debug] [2026-08-03T13:19:51.239Z] Checked if tokens are valid: true, expires at: 1785764767620
[debug] [2026-08-03T13:19:51.239Z] >>> [apiv2][query] GET https://serviceusage.googleapis.com/v1/projects/entrenando-8a141/services/firebaseextensions.googleapis.com [none]
[debug] [2026-08-03T13:19:51.239Z] >>> [apiv2][(partial)header] GET https://serviceusage.googleapis.com/v1/projects/entrenando-8a141/services/firebaseextensions.googleapis.com  x-goog-user-project=entrenando-8a141
[debug] [2026-08-03T13:19:51.535Z] <<< [apiv2][status] GET https://serviceusage.googleapis.com/v1/projects/entrenando-8a141/services/firebaseextensions.googleapis.com 200
[debug] [2026-08-03T13:19:51.535Z] <<< [apiv2][body] GET https://serviceusage.googleapis.com/v1/projects/entrenando-8a141/services/firebaseextensions.googleapis.com [omitted]
[warn] ⚠  extensions: missing required API firebaseextensions.googleapis.com. Enabling now... 
[debug] [2026-08-03T13:19:51.536Z] Checked if tokens are valid: true, expires at: 1785764767620
[debug] [2026-08-03T13:19:51.536Z] Checked if tokens are valid: true, expires at: 1785764767620
[debug] [2026-08-03T13:19:51.536Z] >>> [apiv2][query] POST https://serviceusage.googleapis.com/v1/projects/entrenando-8a141/services/firebaseextensions.googleapis.com:enable [none]
[debug] [2026-08-03T13:19:51.536Z] >>> [apiv2][(partial)header] POST https://serviceusage.googleapis.com/v1/projects/entrenando-8a141/services/firebaseextensions.googleapis.com:enable  x-goog-user-project=entrenando-8a141
[debug] [2026-08-03T13:19:52.161Z] <<< [apiv2][status] POST https://serviceusage.googleapis.com/v1/projects/entrenando-8a141/services/firebaseextensions.googleapis.com:enable 200
[debug] [2026-08-03T13:19:52.161Z] <<< [apiv2][body] POST https://serviceusage.googleapis.com/v1/projects/entrenando-8a141/services/firebaseextensions.googleapis.com:enable [omitted]
[debug] [2026-08-03T13:20:02.172Z] > command requires scopes: ["email","openid","https://www.googleapis.com/auth/cloudplatformprojects.readonly","https://www.googleapis.com/auth/firebase","https://www.googleapis.com/auth/cloud-platform"]
[debug] [2026-08-03T13:20:02.172Z] > authorizing via signed-in user (marianokrakentv@gmail.com)
[debug] [2026-08-03T13:20:02.172Z] [iam] checking project entrenando-8a141 for permissions ["firebase.projects.get","firebaseextensions.instances.list"]
[debug] [2026-08-03T13:20:02.173Z] Checked if tokens are valid: true, expires at: 1785764767620
[debug] [2026-08-03T13:20:02.173Z] Checked if tokens are valid: true, expires at: 1785764767620
[debug] [2026-08-03T13:20:02.173Z] >>> [apiv2][query] POST https://cloudresourcemanager.googleapis.com/v1/projects/entrenando-8a141:testIamPermissions [none]
[debug] [2026-08-03T13:20:02.173Z] >>> [apiv2][(partial)header] POST https://cloudresourcemanager.googleapis.com/v1/projects/entrenando-8a141:testIamPermissions  x-goog-user-project=entrenando-8a141
[debug] [2026-08-03T13:20:02.173Z] >>> [apiv2][body] POST https://cloudresourcemanager.googleapis.com/v1/projects/entrenando-8a141:testIamPermissions {"permissions":["firebase.projects.get","firebaseextensions.instances.list"]}
[debug] [2026-08-03T13:20:02.261Z] <<< [apiv2][status] POST https://cloudresourcemanager.googleapis.com/v1/projects/entrenando-8a141:testIamPermissions 200
[debug] [2026-08-03T13:20:02.261Z] <<< [apiv2][body] POST https://cloudresourcemanager.googleapis.com/v1/projects/entrenando-8a141:testIamPermissions {"permissions":["firebase.projects.get","firebaseextensions.instances.list"]}
[debug] [2026-08-03T13:20:02.261Z] Checked if tokens are valid: true, expires at: 1785764767620
[debug] [2026-08-03T13:20:02.261Z] Checked if tokens are valid: true, expires at: 1785764767620
[debug] [2026-08-03T13:20:02.262Z] >>> [apiv2][query] GET https://firebaseextensions.googleapis.com/v1beta/projects/entrenando-8a141/instances pageSize=100&pageToken=
[debug] [2026-08-03T13:20:06.811Z] <<< [apiv2][status] GET https://firebaseextensions.googleapis.com/v1beta/projects/entrenando-8a141/instances 200
[debug] [2026-08-03T13:20:06.811Z] <<< [apiv2][body] GET https://firebaseextensions.googleapis.com/v1beta/projects/entrenando-8a141/instances {}
[debug] [2026-08-03T13:20:06.812Z] Checked if tokens are valid: true, expires at: 1785764767620
[debug] [2026-08-03T13:20:06.812Z] Checked if tokens are valid: true, expires at: 1785764767620
[debug] [2026-08-03T13:20:06.812Z] >>> [apiv2][query] GET https://firestore.googleapis.com/v1/projects/entrenando-8a141/databases/(default) [none]
[debug] [2026-08-03T13:20:07.742Z] <<< [apiv2][status] GET https://firestore.googleapis.com/v1/projects/entrenando-8a141/databases/(default) 200
[debug] [2026-08-03T13:20:07.742Z] <<< [apiv2][body] GET https://firestore.googleapis.com/v1/projects/entrenando-8a141/databases/(default) {"name":"projects/entrenando-8a141/databases/(default)","uid":"82b4e2e7-e2bb-42e4-a560-d43b96934770","createTime":"2026-07-29T01:11:37.873062Z","updateTime":"2026-07-29T01:11:37.873062Z","locationId":"southamerica-east1","type":"FIRESTORE_NATIVE","concurrencyMode":"PESSIMISTIC","versionRetentionPeriod":"3600s","earliestVersionTime":"2026-08-03T12:20:07.661479Z","appEngineIntegrationMode":"DISABLED","keyPrefix":"i","pointInTimeRecoveryEnablement":"POINT_IN_TIME_RECOVERY_DISABLED","deleteProtectionState":"DELETE_PROTECTION_DISABLED","databaseEdition":"STANDARD","freeTier":true,"realtimeUpdatesMode":"REALTIME_UPDATES_MODE_ENABLED","etag":"IPuFla3GhJYDMMbU49Pj9pUD"}
[debug] [2026-08-03T13:20:07.743Z] Attempting to merge .env secret bindings {} into declared secrets...)}
[debug] [2026-08-03T13:20:07.743Z] asignarRolClaim declared secrets: undefined
[debug] [2026-08-03T13:20:07.743Z] recalcularStats declared secrets: undefined
[debug] [2026-08-03T13:20:07.743Z] ia declared secrets: [{"key":"GEMINI_API_KEY","secret":"GEMINI_API_KEY","projectId":"entrenando-8a141"}]
[debug] [2026-08-03T13:20:07.743Z] Checked if tokens are valid: true, expires at: 1785764767620
[debug] [2026-08-03T13:20:07.743Z] Checked if tokens are valid: true, expires at: 1785764767620
[debug] [2026-08-03T13:20:07.744Z] >>> [apiv2][query] GET https://secretmanager.googleapis.com/v1/projects/entrenando-8a141/secrets/GEMINI_API_KEY [none]
[debug] [2026-08-03T13:20:07.834Z] <<< [apiv2][status] GET https://secretmanager.googleapis.com/v1/projects/entrenando-8a141/secrets/GEMINI_API_KEY 200
[debug] [2026-08-03T13:20:07.834Z] <<< [apiv2][body] GET https://secretmanager.googleapis.com/v1/projects/entrenando-8a141/secrets/GEMINI_API_KEY {"name":"projects/872343715857/secrets/GEMINI_API_KEY","replication":{"automatic":{}},"createTime":"2026-08-03T12:48:48.105169Z","labels":{"firebase-managed":"functions"},"etag":"\"165823f5a1ecd4\""}
[debug] [2026-08-03T13:20:07.835Z] Checked if tokens are valid: true, expires at: 1785764767620
[debug] [2026-08-03T13:20:07.835Z] Checked if tokens are valid: true, expires at: 1785764767620
[debug] [2026-08-03T13:20:07.835Z] >>> [apiv2][query] GET https://secretmanager.googleapis.com/v1/projects/entrenando-8a141/secrets/GEMINI_API_KEY/versions/latest [none]
[debug] [2026-08-03T13:20:07.918Z] <<< [apiv2][status] GET https://secretmanager.googleapis.com/v1/projects/entrenando-8a141/secrets/GEMINI_API_KEY/versions/latest 200
[debug] [2026-08-03T13:20:07.918Z] <<< [apiv2][body] GET https://secretmanager.googleapis.com/v1/projects/entrenando-8a141/secrets/GEMINI_API_KEY/versions/latest {"name":"projects/872343715857/secrets/GEMINI_API_KEY/versions/2","createTime":"2026-08-03T13:08:36.270763Z","state":"ENABLED","replicationStatus":{"automatic":{}},"etag":"\"1658243c6f7eab\""}
[info] i  functions: preparing functions directory for uploading... 
[info] i  functions: packaged /workspaces/Entrenando/functions (32.64 KB) for uploading 
[info] i  functions: ensuring required API run.googleapis.com is enabled... 
[debug] [2026-08-03T13:20:07.948Z] Checked if tokens are valid: true, expires at: 1785764767620
[debug] [2026-08-03T13:20:07.948Z] Checked if tokens are valid: true, expires at: 1785764767620
[info] i  functions: ensuring required API eventarc.googleapis.com is enabled... 
[debug] [2026-08-03T13:20:07.948Z] Checked if tokens are valid: true, expires at: 1785764767620
[debug] [2026-08-03T13:20:07.948Z] Checked if tokens are valid: true, expires at: 1785764767620
[info] i  functions: ensuring required API pubsub.googleapis.com is enabled... 
[debug] [2026-08-03T13:20:07.948Z] Checked if tokens are valid: true, expires at: 1785764767620
[debug] [2026-08-03T13:20:07.948Z] Checked if tokens are valid: true, expires at: 1785764767620
[info] i  functions: ensuring required API storage.googleapis.com is enabled... 
[debug] [2026-08-03T13:20:07.948Z] Checked if tokens are valid: true, expires at: 1785764767620
[debug] [2026-08-03T13:20:07.948Z] Checked if tokens are valid: true, expires at: 1785764767620
[debug] [2026-08-03T13:20:07.948Z] >>> [apiv2][query] GET https://serviceusage.googleapis.com/v1/projects/872343715857/services/run.googleapis.com [none]
[debug] [2026-08-03T13:20:07.949Z] >>> [apiv2][(partial)header] GET https://serviceusage.googleapis.com/v1/projects/872343715857/services/run.googleapis.com  x-goog-user-project=872343715857
[debug] [2026-08-03T13:20:07.949Z] >>> [apiv2][query] GET https://serviceusage.googleapis.com/v1/projects/872343715857/services/eventarc.googleapis.com [none]
[debug] [2026-08-03T13:20:07.949Z] >>> [apiv2][(partial)header] GET https://serviceusage.googleapis.com/v1/projects/872343715857/services/eventarc.googleapis.com  x-goog-user-project=872343715857
[debug] [2026-08-03T13:20:07.950Z] >>> [apiv2][query] GET https://serviceusage.googleapis.com/v1/projects/872343715857/services/pubsub.googleapis.com [none]
[debug] [2026-08-03T13:20:07.950Z] >>> [apiv2][(partial)header] GET https://serviceusage.googleapis.com/v1/projects/872343715857/services/pubsub.googleapis.com  x-goog-user-project=872343715857
[debug] [2026-08-03T13:20:07.951Z] >>> [apiv2][query] GET https://serviceusage.googleapis.com/v1/projects/872343715857/services/storage.googleapis.com [none]
[debug] [2026-08-03T13:20:07.951Z] >>> [apiv2][(partial)header] GET https://serviceusage.googleapis.com/v1/projects/872343715857/services/storage.googleapis.com  x-goog-user-project=872343715857
[debug] [2026-08-03T13:20:08.200Z] <<< [apiv2][status] GET https://serviceusage.googleapis.com/v1/projects/872343715857/services/run.googleapis.com 200
[debug] [2026-08-03T13:20:08.200Z] <<< [apiv2][body] GET https://serviceusage.googleapis.com/v1/projects/872343715857/services/run.googleapis.com [omitted]
[warn] ⚠  functions: missing required API run.googleapis.com. Enabling now... 
[debug] [2026-08-03T13:20:08.200Z] Checked if tokens are valid: true, expires at: 1785764767620
[debug] [2026-08-03T13:20:08.201Z] Checked if tokens are valid: true, expires at: 1785764767620
[debug] [2026-08-03T13:20:08.201Z] >>> [apiv2][query] POST https://serviceusage.googleapis.com/v1/projects/872343715857/services/run.googleapis.com:enable [none]
[debug] [2026-08-03T13:20:08.201Z] >>> [apiv2][(partial)header] POST https://serviceusage.googleapis.com/v1/projects/872343715857/services/run.googleapis.com:enable  x-goog-user-project=872343715857
[debug] [2026-08-03T13:20:08.202Z] <<< [apiv2][status] GET https://serviceusage.googleapis.com/v1/projects/872343715857/services/storage.googleapis.com 200
[debug] [2026-08-03T13:20:08.202Z] <<< [apiv2][body] GET https://serviceusage.googleapis.com/v1/projects/872343715857/services/storage.googleapis.com [omitted]
[info] ✔  functions: required API storage.googleapis.com is enabled 
[debug] [2026-08-03T13:20:08.206Z] <<< [apiv2][status] GET https://serviceusage.googleapis.com/v1/projects/872343715857/services/eventarc.googleapis.com 200
[debug] [2026-08-03T13:20:08.206Z] <<< [apiv2][body] GET https://serviceusage.googleapis.com/v1/projects/872343715857/services/eventarc.googleapis.com [omitted]
[warn] ⚠  functions: missing required API eventarc.googleapis.com. Enabling now... 
[debug] [2026-08-03T13:20:08.207Z] Checked if tokens are valid: true, expires at: 1785764767620
[debug] [2026-08-03T13:20:08.207Z] Checked if tokens are valid: true, expires at: 1785764767620
[debug] [2026-08-03T13:20:08.207Z] >>> [apiv2][query] POST https://serviceusage.googleapis.com/v1/projects/872343715857/services/eventarc.googleapis.com:enable [none]
[debug] [2026-08-03T13:20:08.207Z] >>> [apiv2][(partial)header] POST https://serviceusage.googleapis.com/v1/projects/872343715857/services/eventarc.googleapis.com:enable  x-goog-user-project=872343715857
[debug] [2026-08-03T13:20:08.236Z] <<< [apiv2][status] GET https://serviceusage.googleapis.com/v1/projects/872343715857/services/pubsub.googleapis.com 200
[debug] [2026-08-03T13:20:08.236Z] <<< [apiv2][body] GET https://serviceusage.googleapis.com/v1/projects/872343715857/services/pubsub.googleapis.com [omitted]
[info] ✔  functions: required API pubsub.googleapis.com is enabled 
[debug] [2026-08-03T13:20:08.961Z] <<< [apiv2][status] POST https://serviceusage.googleapis.com/v1/projects/872343715857/services/eventarc.googleapis.com:enable 200
[debug] [2026-08-03T13:20:08.961Z] <<< [apiv2][body] POST https://serviceusage.googleapis.com/v1/projects/872343715857/services/eventarc.googleapis.com:enable [omitted]
[debug] [2026-08-03T13:20:09.078Z] <<< [apiv2][status] POST https://serviceusage.googleapis.com/v1/projects/872343715857/services/run.googleapis.com:enable 200
[debug] [2026-08-03T13:20:09.079Z] <<< [apiv2][body] POST https://serviceusage.googleapis.com/v1/projects/872343715857/services/run.googleapis.com:enable [omitted]
[info] i  functions: generating the service identity for pubsub.googleapis.com... 
[debug] [2026-08-03T13:20:19.082Z] Checked if tokens are valid: true, expires at: 1785764767620
[debug] [2026-08-03T13:20:19.082Z] Checked if tokens are valid: true, expires at: 1785764767620
[info] i  functions: generating the service identity for eventarc.googleapis.com... 
[debug] [2026-08-03T13:20:19.083Z] Checked if tokens are valid: true, expires at: 1785764767620
[debug] [2026-08-03T13:20:19.083Z] Checked if tokens are valid: true, expires at: 1785764767620
[debug] [2026-08-03T13:20:19.083Z] >>> [apiv2][query] POST https://serviceusage.googleapis.com/v1beta1/projects/872343715857/services/pubsub.googleapis.com:generateServiceIdentity [none]
[debug] [2026-08-03T13:20:19.083Z] >>> [apiv2][(partial)header] POST https://serviceusage.googleapis.com/v1beta1/projects/872343715857/services/pubsub.googleapis.com:generateServiceIdentity  x-goog-user-project=872343715857
[debug] [2026-08-03T13:20:19.083Z] >>> [apiv2][body] POST https://serviceusage.googleapis.com/v1beta1/projects/872343715857/services/pubsub.googleapis.com:generateServiceIdentity {}
[debug] [2026-08-03T13:20:19.084Z] >>> [apiv2][query] POST https://serviceusage.googleapis.com/v1beta1/projects/872343715857/services/eventarc.googleapis.com:generateServiceIdentity [none]
[debug] [2026-08-03T13:20:19.084Z] >>> [apiv2][(partial)header] POST https://serviceusage.googleapis.com/v1beta1/projects/872343715857/services/eventarc.googleapis.com:generateServiceIdentity  x-goog-user-project=872343715857
[debug] [2026-08-03T13:20:19.084Z] >>> [apiv2][body] POST https://serviceusage.googleapis.com/v1beta1/projects/872343715857/services/eventarc.googleapis.com:generateServiceIdentity {}
[debug] [2026-08-03T13:20:19.649Z] <<< [apiv2][status] POST https://serviceusage.googleapis.com/v1beta1/projects/872343715857/services/eventarc.googleapis.com:generateServiceIdentity 200
[debug] [2026-08-03T13:20:19.650Z] <<< [apiv2][body] POST https://serviceusage.googleapis.com/v1beta1/projects/872343715857/services/eventarc.googleapis.com:generateServiceIdentity {"name":"operations/finished.DONE_OPERATION","done":true,"response":{"@type":"type.googleapis.com/google.api.serviceusage.v1beta1.ServiceIdentity","email":"service-872343715857@gcp-sa-eventarc.iam.gserviceaccount.com","uniqueId":"105603245757101914206"}}
[debug] [2026-08-03T13:20:19.902Z] <<< [apiv2][status] POST https://serviceusage.googleapis.com/v1beta1/projects/872343715857/services/pubsub.googleapis.com:generateServiceIdentity 200
[debug] [2026-08-03T13:20:19.902Z] <<< [apiv2][body] POST https://serviceusage.googleapis.com/v1beta1/projects/872343715857/services/pubsub.googleapis.com:generateServiceIdentity {"name":"operations/finished.DONE_OPERATION","done":true,"response":{"@type":"type.googleapis.com/google.api.serviceusage.v1beta1.ServiceIdentity","email":"service-872343715857@gcp-sa-pubsub.iam.gserviceaccount.com","uniqueId":"100429255616985815044"}}
[info] i  functions: ensuring required API secretmanager.googleapis.com is enabled... 
[debug] [2026-08-03T13:20:19.903Z] Checked if tokens are valid: true, expires at: 1785764767620
[debug] [2026-08-03T13:20:19.903Z] Checked if tokens are valid: true, expires at: 1785764767620
[debug] [2026-08-03T13:20:19.903Z] >>> [apiv2][query] GET https://serviceusage.googleapis.com/v1/projects/872343715857/services/secretmanager.googleapis.com [none]
[debug] [2026-08-03T13:20:19.903Z] >>> [apiv2][(partial)header] GET https://serviceusage.googleapis.com/v1/projects/872343715857/services/secretmanager.googleapis.com  x-goog-user-project=872343715857
[debug] [2026-08-03T13:20:20.114Z] <<< [apiv2][status] GET https://serviceusage.googleapis.com/v1/projects/872343715857/services/secretmanager.googleapis.com 200
[debug] [2026-08-03T13:20:20.115Z] <<< [apiv2][body] GET https://serviceusage.googleapis.com/v1/projects/872343715857/services/secretmanager.googleapis.com [omitted]
[info] ✔  functions: required API secretmanager.googleapis.com is enabled 
[debug] [2026-08-03T13:20:20.122Z] Checked if tokens are valid: true, expires at: 1785764767620
[debug] [2026-08-03T13:20:20.123Z] Checked if tokens are valid: true, expires at: 1785764767620
[debug] [2026-08-03T13:20:20.123Z] >>> [apiv2][query] GET https://secretmanager.googleapis.com/v1/projects/entrenando-8a141/secrets/GEMINI_API_KEY/versions/latest [none]
[debug] [2026-08-03T13:20:20.233Z] <<< [apiv2][status] GET https://secretmanager.googleapis.com/v1/projects/entrenando-8a141/secrets/GEMINI_API_KEY/versions/latest 200
[debug] [2026-08-03T13:20:20.233Z] <<< [apiv2][body] GET https://secretmanager.googleapis.com/v1/projects/entrenando-8a141/secrets/GEMINI_API_KEY/versions/latest {"name":"projects/872343715857/secrets/GEMINI_API_KEY/versions/2","createTime":"2026-08-03T13:08:36.270763Z","state":"ENABLED","replicationStatus":{"automatic":{}},"etag":"\"1658243c6f7eab\""}
[debug] [2026-08-03T13:20:20.233Z] Resolved latest secret version of GEMINI_API_KEY to 2.
[debug] [2026-08-03T13:20:20.234Z] Checked if tokens are valid: true, expires at: 1785764767620
[debug] [2026-08-03T13:20:20.234Z] Checked if tokens are valid: true, expires at: 1785764767620
[debug] [2026-08-03T13:20:20.234Z] >>> [apiv2][query] GET https://compute.googleapis.com/compute/v1/projects/872343715857 [none]
[debug] [2026-08-03T13:20:20.329Z] <<< [apiv2][status] GET https://compute.googleapis.com/compute/v1/projects/872343715857 403
[debug] [2026-08-03T13:20:20.329Z] <<< [apiv2][body] GET https://compute.googleapis.com/compute/v1/projects/872343715857 {"error":{"code":403,"message":"Compute Engine API has not been used in project 872343715857 before or it is disabled. Enable it by visiting https://console.developers.google.com/apis/api/compute.googleapis.com/overview?project=872343715857 then retry. If you enabled this API recently, wait a few minutes for the action to propagate to our systems and retry.","errors":[{"message":"Compute Engine API has not been used in project 872343715857 before or it is disabled. Enable it by visiting https://console.developers.google.com/apis/api/compute.googleapis.com/overview?project=872343715857 then retry. If you enabled this API recently, wait a few minutes for the action to propagate to our systems and retry.","domain":"usageLimits","reason":"accessNotConfigured","extendedHelp":"https://console.developers.google.com"}],"status":"PERMISSION_DENIED","details":[{"@type":"type.googleapis.com/google.rpc.ErrorInfo","reason":"SERVICE_DISABLED","domain":"googleapis.com","metadata":{"consumer":"projects/872343715857","containerInfo":"872343715857","serviceTitle":"Compute Engine API","service":"compute.googleapis.com","activationUrl":"https://console.developers.google.com/apis/api/compute.googleapis.com/overview?project=872343715857"}},{"@type":"type.googleapis.com/google.rpc.LocalizedMessage","locale":"en-US","message":"Compute Engine API has not been used in project 872343715857 before or it is disabled. Enable it by visiting https://console.developers.google.com/apis/api/compute.googleapis.com/overview?project=872343715857 then retry. If you enabled this API recently, wait a few minutes for the action to propagate to our systems and retry."},{"@type":"type.googleapis.com/google.rpc.Help","links":[{"description":"Google developers console API activation","url":"https://console.developers.google.com/apis/api/compute.googleapis.com/overview?project=872343715857"}]}]}}
[debug] [2026-08-03T13:20:20.330Z] unable to look up default compute service account. Falling back to 872343715857-compute@developer.gserviceaccount.com. Error: {"name":"FirebaseError","children":[],"context":{"body":{"error":{"code":403,"message":"Compute Engine API has not been used in project 872343715857 before or it is disabled. Enable it by visiting https://console.developers.google.com/apis/api/compute.googleapis.com/overview?project=872343715857 then retry. If you enabled this API recently, wait a few minutes for the action to propagate to our systems and retry.","errors":[{"message":"Compute Engine API has not been used in project 872343715857 before or it is disabled. Enable it by visiting https://console.developers.google.com/apis/api/compute.googleapis.com/overview?project=872343715857 then retry. If you enabled this API recently, wait a few minutes for the action to propagate to our systems and retry.","domain":"usageLimits","reason":"accessNotConfigured","extendedHelp":"https://console.developers.google.com"}],"status":"PERMISSION_DENIED","details":[{"@type":"type.googleapis.com/google.rpc.ErrorInfo","reason":"SERVICE_DISABLED","domain":"googleapis.com","metadata":{"consumer":"projects/872343715857","containerInfo":"872343715857","serviceTitle":"Compute Engine API","service":"compute.googleapis.com","activationUrl":"https://console.developers.google.com/apis/api/compute.googleapis.com/overview?project=872343715857"}},{"@type":"type.googleapis.com/google.rpc.LocalizedMessage","locale":"en-US","message":"Compute Engine API has not been used in project 872343715857 before or it is disabled. Enable it by visiting https://console.developers.google.com/apis/api/compute.googleapis.com/overview?project=872343715857 then retry. If you enabled this API recently, wait a few minutes for the action to propagate to our systems and retry."},{"@type":"type.googleapis.com/google.rpc.Help","links":[{"description":"Google developers console API activation","url":"https://console.developers.google.com/apis/api/compute.googleapis.com/overview?project=872343715857"}]}]}},"response":{"statusCode":403}},"exit":1,"message":"Request to https://compute.googleapis.com/compute/v1/projects/872343715857 had HTTP Error: 403, Compute Engine API has not been used in project 872343715857 before or it is disabled. Enable it by visiting https://console.developers.google.com/apis/api/compute.googleapis.com/overview?project=872343715857 then retry. If you enabled this API recently, wait a few minutes for the action to propagate to our systems and retry.","status":403}
[debug] [2026-08-03T13:20:20.330Z] Checked if tokens are valid: true, expires at: 1785764767620
[debug] [2026-08-03T13:20:20.330Z] Checked if tokens are valid: true, expires at: 1785764767620
[debug] [2026-08-03T13:20:20.331Z] >>> [apiv2][query] POST https://cloudresourcemanager.googleapis.com/v1/projects/872343715857:getIamPolicy [none]
[debug] [2026-08-03T13:20:20.507Z] <<< [apiv2][status] POST https://cloudresourcemanager.googleapis.com/v1/projects/872343715857:getIamPolicy 200
[debug] [2026-08-03T13:20:20.508Z] <<< [apiv2][body] POST https://cloudresourcemanager.googleapis.com/v1/projects/872343715857:getIamPolicy {"version":1,"etag":"BwZYJGYfx7w=","bindings":[{"role":"roles/cloudbuild.builds.builder","members":["serviceAccount:872343715857@cloudbuild.gserviceaccount.com"]},{"role":"roles/cloudbuild.serviceAgent","members":["serviceAccount:service-872343715857@gcp-sa-cloudbuild.iam.gserviceaccount.com"]},{"role":"roles/cloudfunctions.serviceAgent","members":["serviceAccount:service-872343715857@gcf-admin-robot.iam.gserviceaccount.com"]},{"role":"roles/containerregistry.ServiceAgent","members":["serviceAccount:service-872343715857@containerregistry.iam.gserviceaccount.com"]},{"role":"roles/editor","members":["serviceAccount:872343715857@cloudservices.gserviceaccount.com","serviceAccount:entrenando-8a141@appspot.gserviceaccount.com","serviceAccount:872343715857-compute@developer.gserviceaccount.com"]},{"role":"roles/firebase.managementServiceAgent","members":["serviceAccount:service-872343715857@gcp-sa-firebase.iam.gserviceaccount.com"]},{"role":"roles/firebase.sdkAdminServiceAgent","members":["serviceAccount:firebase-adminsdk-fbsvc@entrenando-8a141.iam.gserviceaccount.com"]},{"role":"roles/firebaseauth.admin","members":["serviceAccount:firebase-adminsdk-fbsvc@entrenando-8a141.iam.gserviceaccount.com"]},{"role":"roles/firebasemods.serviceAgent","members":["serviceAccount:service-872343715857@gcp-sa-firebasemods.iam.gserviceaccount.com"]},{"role":"roles/firebaserules.system","members":["serviceAccount:service-872343715857@firebase-rules.iam.gserviceaccount.com"]},{"role":"roles/firestore.serviceAgent","members":["serviceAccount:service-872343715857@gcp-sa-firestore.iam.gserviceaccount.com"]},{"role":"roles/iam.serviceAccountTokenCreator","members":["serviceAccount:firebase-adminsdk-fbsvc@entrenando-8a141.iam.gserviceaccount.com"]},{"role":"roles/owner","members":["user:marianokrakentv@gmail.com"]},{"role":"roles/run.serviceAgent","members":["serviceAccount:service-872343715857@serverless-robot-prod.iam.gserviceaccount.com"]}]}
[debug] [2026-08-03T13:20:20.508Z] Checked if tokens are valid: true, expires at: 1785764767620
[debug] [2026-08-03T13:20:20.508Z] Checked if tokens are valid: true, expires at: 1785764767620
[debug] [2026-08-03T13:20:20.508Z] >>> [apiv2][query] POST https://cloudresourcemanager.googleapis.com/v1/projects/872343715857:setIamPolicy [none]
[debug] [2026-08-03T13:20:20.508Z] >>> [apiv2][body] POST https://cloudresourcemanager.googleapis.com/v1/projects/872343715857:setIamPolicy {"policy":{"version":1,"etag":"BwZYJGYfx7w=","bindings":[{"role":"roles/cloudbuild.builds.builder","members":["serviceAccount:872343715857@cloudbuild.gserviceaccount.com"]},{"role":"roles/cloudbuild.serviceAgent","members":["serviceAccount:service-872343715857@gcp-sa-cloudbuild.iam.gserviceaccount.com"]},{"role":"roles/cloudfunctions.serviceAgent","members":["serviceAccount:service-872343715857@gcf-admin-robot.iam.gserviceaccount.com"]},{"role":"roles/containerregistry.ServiceAgent","members":["serviceAccount:service-872343715857@containerregistry.iam.gserviceaccount.com"]},{"role":"roles/editor","members":["serviceAccount:872343715857@cloudservices.gserviceaccount.com","serviceAccount:entrenando-8a141@appspot.gserviceaccount.com","serviceAccount:872343715857-compute@developer.gserviceaccount.com"]},{"role":"roles/firebase.managementServiceAgent","members":["serviceAccount:service-872343715857@gcp-sa-firebase.iam.gserviceaccount.com"]},{"role":"roles/firebase.sdkAdminServiceAgent","members":["serviceAccount:firebase-adminsdk-fbsvc@entrenando-8a141.iam.gserviceaccount.com"]},{"role":"roles/firebaseauth.admin","members":["serviceAccount:firebase-adminsdk-fbsvc@entrenando-8a141.iam.gserviceaccount.com"]},{"role":"roles/firebasemods.serviceAgent","members":["serviceAccount:service-872343715857@gcp-sa-firebasemods.iam.gserviceaccount.com"]},{"role":"roles/firebaserules.system","members":["serviceAccount:service-872343715857@firebase-rules.iam.gserviceaccount.com"]},{"role":"roles/firestore.serviceAgent","members":["serviceAccount:service-872343715857@gcp-sa-firestore.iam.gserviceaccount.com"]},{"role":"roles/iam.serviceAccountTokenCreator","members":["serviceAccount:firebase-adminsdk-fbsvc@entrenando-8a141.iam.gserviceaccount.com","serviceAccount:service-872343715857@gcp-sa-pubsub.iam.gserviceaccount.com"]},{"role":"roles/owner","members":["user:marianokrakentv@gmail.com"]},{"role":"roles/run.serviceAgent","members":["serviceAccount:service-872343715857@serverless-robot-prod.iam.gserviceaccount.com"]},{"role":"roles/run.invoker","members":["serviceAccount:872343715857-compute@developer.gserviceaccount.com"]},{"role":"roles/eventarc.eventReceiver","members":["serviceAccount:872343715857-compute@developer.gserviceaccount.com"]}]},"updateMask":"bindings"}
[debug] [2026-08-03T13:20:21.199Z] <<< [apiv2][status] POST https://cloudresourcemanager.googleapis.com/v1/projects/872343715857:setIamPolicy 200
[debug] [2026-08-03T13:20:21.199Z] <<< [apiv2][body] POST https://cloudresourcemanager.googleapis.com/v1/projects/872343715857:setIamPolicy {"version":1,"etag":"BwZYJGZzASA=","bindings":[{"role":"roles/cloudbuild.builds.builder","members":["serviceAccount:872343715857@cloudbuild.gserviceaccount.com"]},{"role":"roles/cloudbuild.serviceAgent","members":["serviceAccount:service-872343715857@gcp-sa-cloudbuild.iam.gserviceaccount.com"]},{"role":"roles/cloudfunctions.serviceAgent","members":["serviceAccount:service-872343715857@gcf-admin-robot.iam.gserviceaccount.com"]},{"role":"roles/containerregistry.ServiceAgent","members":["serviceAccount:service-872343715857@containerregistry.iam.gserviceaccount.com"]},{"role":"roles/editor","members":["serviceAccount:872343715857-compute@developer.gserviceaccount.com","serviceAccount:872343715857@cloudservices.gserviceaccount.com","serviceAccount:entrenando-8a141@appspot.gserviceaccount.com"]},{"role":"roles/eventarc.eventReceiver","members":["serviceAccount:872343715857-compute@developer.gserviceaccount.com"]},{"role":"roles/firebase.managementServiceAgent","members":["serviceAccount:service-872343715857@gcp-sa-firebase.iam.gserviceaccount.com"]},{"role":"roles/firebase.sdkAdminServiceAgent","members":["serviceAccount:firebase-adminsdk-fbsvc@entrenando-8a141.iam.gserviceaccount.com"]},{"role":"roles/firebaseauth.admin","members":["serviceAccount:firebase-adminsdk-fbsvc@entrenando-8a141.iam.gserviceaccount.com"]},{"role":"roles/firebasemods.serviceAgent","members":["serviceAccount:service-872343715857@gcp-sa-firebasemods.iam.gserviceaccount.com"]},{"role":"roles/firebaserules.system","members":["serviceAccount:service-872343715857@firebase-rules.iam.gserviceaccount.com"]},{"role":"roles/firestore.serviceAgent","members":["serviceAccount:service-872343715857@gcp-sa-firestore.iam.gserviceaccount.com"]},{"role":"roles/iam.serviceAccountTokenCreator","members":["serviceAccount:firebase-adminsdk-fbsvc@entrenando-8a141.iam.gserviceaccount.com","serviceAccount:service-872343715857@gcp-sa-pubsub.iam.gserviceaccount.com"]},{"role":"roles/owner","members":["user:marianokrakentv@gmail.com"]},{"role":"roles/run.invoker","members":["serviceAccount:872343715857-compute@developer.gserviceaccount.com"]},{"role":"roles/run.serviceAgent","members":["serviceAccount:service-872343715857@serverless-robot-prod.iam.gserviceaccount.com"]}]}
[debug] [2026-08-03T13:20:21.200Z] Checked if tokens are valid: true, expires at: 1785764767620
[debug] [2026-08-03T13:20:21.200Z] Checked if tokens are valid: true, expires at: 1785764767620
[debug] [2026-08-03T13:20:21.200Z] >>> [apiv2][query] GET https://cloudresourcemanager.googleapis.com/v1/projects/entrenando-8a141 [none]
[debug] [2026-08-03T13:20:21.303Z] <<< [apiv2][status] GET https://cloudresourcemanager.googleapis.com/v1/projects/entrenando-8a141 200
[debug] [2026-08-03T13:20:21.303Z] <<< [apiv2][body] GET https://cloudresourcemanager.googleapis.com/v1/projects/entrenando-8a141 {"projectNumber":"872343715857","projectId":"entrenando-8a141","lifecycleState":"ACTIVE","name":"Entrenando","labels":{"firebase":"enabled","firebase-core":"disabled"},"createTime":"2026-07-28T18:19:51.049Z"}
[debug] [2026-08-03T13:20:21.303Z] Checked if tokens are valid: true, expires at: 1785764767620
[debug] [2026-08-03T13:20:21.303Z] Checked if tokens are valid: true, expires at: 1785764767620
[debug] [2026-08-03T13:20:21.303Z] >>> [apiv2][query] GET https://compute.googleapis.com/compute/v1/projects/872343715857 [none]
[debug] [2026-08-03T13:20:21.350Z] <<< [apiv2][status] GET https://compute.googleapis.com/compute/v1/projects/872343715857 403
[debug] [2026-08-03T13:20:21.350Z] <<< [apiv2][body] GET https://compute.googleapis.com/compute/v1/projects/872343715857 {"error":{"code":403,"message":"Compute Engine API has not been used in project 872343715857 before or it is disabled. Enable it by visiting https://console.developers.google.com/apis/api/compute.googleapis.com/overview?project=872343715857 then retry. If you enabled this API recently, wait a few minutes for the action to propagate to our systems and retry.","errors":[{"message":"Compute Engine API has not been used in project 872343715857 before or it is disabled. Enable it by visiting https://console.developers.google.com/apis/api/compute.googleapis.com/overview?project=872343715857 then retry. If you enabled this API recently, wait a few minutes for the action to propagate to our systems and retry.","domain":"usageLimits","reason":"accessNotConfigured","extendedHelp":"https://console.developers.google.com"}],"status":"PERMISSION_DENIED","details":[{"@type":"type.googleapis.com/google.rpc.ErrorInfo","reason":"SERVICE_DISABLED","domain":"googleapis.com","metadata":{"containerInfo":"872343715857","activationUrl":"https://console.developers.google.com/apis/api/compute.googleapis.com/overview?project=872343715857","serviceTitle":"Compute Engine API","consumer":"projects/872343715857","service":"compute.googleapis.com"}},{"@type":"type.googleapis.com/google.rpc.LocalizedMessage","locale":"en-US","message":"Compute Engine API has not been used in project 872343715857 before or it is disabled. Enable it by visiting https://console.developers.google.com/apis/api/compute.googleapis.com/overview?project=872343715857 then retry. If you enabled this API recently, wait a few minutes for the action to propagate to our systems and retry."},{"@type":"type.googleapis.com/google.rpc.Help","links":[{"description":"Google developers console API activation","url":"https://console.developers.google.com/apis/api/compute.googleapis.com/overview?project=872343715857"}]}]}}
[debug] [2026-08-03T13:20:21.350Z] unable to look up default compute service account. Falling back to 872343715857-compute@developer.gserviceaccount.com. Error: {"name":"FirebaseError","children":[],"context":{"body":{"error":{"code":403,"message":"Compute Engine API has not been used in project 872343715857 before or it is disabled. Enable it by visiting https://console.developers.google.com/apis/api/compute.googleapis.com/overview?project=872343715857 then retry. If you enabled this API recently, wait a few minutes for the action to propagate to our systems and retry.","errors":[{"message":"Compute Engine API has not been used in project 872343715857 before or it is disabled. Enable it by visiting https://console.developers.google.com/apis/api/compute.googleapis.com/overview?project=872343715857 then retry. If you enabled this API recently, wait a few minutes for the action to propagate to our systems and retry.","domain":"usageLimits","reason":"accessNotConfigured","extendedHelp":"https://console.developers.google.com"}],"status":"PERMISSION_DENIED","details":[{"@type":"type.googleapis.com/google.rpc.ErrorInfo","reason":"SERVICE_DISABLED","domain":"googleapis.com","metadata":{"containerInfo":"872343715857","activationUrl":"https://console.developers.google.com/apis/api/compute.googleapis.com/overview?project=872343715857","serviceTitle":"Compute Engine API","consumer":"projects/872343715857","service":"compute.googleapis.com"}},{"@type":"type.googleapis.com/google.rpc.LocalizedMessage","locale":"en-US","message":"Compute Engine API has not been used in project 872343715857 before or it is disabled. Enable it by visiting https://console.developers.google.com/apis/api/compute.googleapis.com/overview?project=872343715857 then retry. If you enabled this API recently, wait a few minutes for the action to propagate to our systems and retry."},{"@type":"type.googleapis.com/google.rpc.Help","links":[{"description":"Google developers console API activation","url":"https://console.developers.google.com/apis/api/compute.googleapis.com/overview?project=872343715857"}]}]}},"response":{"statusCode":403}},"exit":1,"message":"Request to https://compute.googleapis.com/compute/v1/projects/872343715857 had HTTP Error: 403, Compute Engine API has not been used in project 872343715857 before or it is disabled. Enable it by visiting https://console.developers.google.com/apis/api/compute.googleapis.com/overview?project=872343715857 then retry. If you enabled this API recently, wait a few minutes for the action to propagate to our systems and retry.","status":403}
[debug] [2026-08-03T13:20:21.350Z] Checked if tokens are valid: true, expires at: 1785764767620
[debug] [2026-08-03T13:20:21.350Z] Checked if tokens are valid: true, expires at: 1785764767620
[debug] [2026-08-03T13:20:21.350Z] >>> [apiv2][query] GET https://compute.googleapis.com/compute/v1/projects/872343715857 [none]
[debug] [2026-08-03T13:20:21.424Z] <<< [apiv2][status] GET https://compute.googleapis.com/compute/v1/projects/872343715857 403
[debug] [2026-08-03T13:20:21.424Z] <<< [apiv2][body] GET https://compute.googleapis.com/compute/v1/projects/872343715857 {"error":{"code":403,"message":"Compute Engine API has not been used in project 872343715857 before or it is disabled. Enable it by visiting https://console.developers.google.com/apis/api/compute.googleapis.com/overview?project=872343715857 then retry. If you enabled this API recently, wait a few minutes for the action to propagate to our systems and retry.","errors":[{"message":"Compute Engine API has not been used in project 872343715857 before or it is disabled. Enable it by visiting https://console.developers.google.com/apis/api/compute.googleapis.com/overview?project=872343715857 then retry. If you enabled this API recently, wait a few minutes for the action to propagate to our systems and retry.","domain":"usageLimits","reason":"accessNotConfigured","extendedHelp":"https://console.developers.google.com"}],"status":"PERMISSION_DENIED","details":[{"@type":"type.googleapis.com/google.rpc.ErrorInfo","reason":"SERVICE_DISABLED","domain":"googleapis.com","metadata":{"activationUrl":"https://console.developers.google.com/apis/api/compute.googleapis.com/overview?project=872343715857","serviceTitle":"Compute Engine API","service":"compute.googleapis.com","containerInfo":"872343715857","consumer":"projects/872343715857"}},{"@type":"type.googleapis.com/google.rpc.LocalizedMessage","locale":"en-US","message":"Compute Engine API has not been used in project 872343715857 before or it is disabled. Enable it by visiting https://console.developers.google.com/apis/api/compute.googleapis.com/overview?project=872343715857 then retry. If you enabled this API recently, wait a few minutes for the action to propagate to our systems and retry."},{"@type":"type.googleapis.com/google.rpc.Help","links":[{"description":"Google developers console API activation","url":"https://console.developers.google.com/apis/api/compute.googleapis.com/overview?project=872343715857"}]}]}}
[debug] [2026-08-03T13:20:21.425Z] unable to look up default compute service account. Falling back to 872343715857-compute@developer.gserviceaccount.com. Error: {"name":"FirebaseError","children":[],"context":{"body":{"error":{"code":403,"message":"Compute Engine API has not been used in project 872343715857 before or it is disabled. Enable it by visiting https://console.developers.google.com/apis/api/compute.googleapis.com/overview?project=872343715857 then retry. If you enabled this API recently, wait a few minutes for the action to propagate to our systems and retry.","errors":[{"message":"Compute Engine API has not been used in project 872343715857 before or it is disabled. Enable it by visiting https://console.developers.google.com/apis/api/compute.googleapis.com/overview?project=872343715857 then retry. If you enabled this API recently, wait a few minutes for the action to propagate to our systems and retry.","domain":"usageLimits","reason":"accessNotConfigured","extendedHelp":"https://console.developers.google.com"}],"status":"PERMISSION_DENIED","details":[{"@type":"type.googleapis.com/google.rpc.ErrorInfo","reason":"SERVICE_DISABLED","domain":"googleapis.com","metadata":{"activationUrl":"https://console.developers.google.com/apis/api/compute.googleapis.com/overview?project=872343715857","serviceTitle":"Compute Engine API","service":"compute.googleapis.com","containerInfo":"872343715857","consumer":"projects/872343715857"}},{"@type":"type.googleapis.com/google.rpc.LocalizedMessage","locale":"en-US","message":"Compute Engine API has not been used in project 872343715857 before or it is disabled. Enable it by visiting https://console.developers.google.com/apis/api/compute.googleapis.com/overview?project=872343715857 then retry. If you enabled this API recently, wait a few minutes for the action to propagate to our systems and retry."},{"@type":"type.googleapis.com/google.rpc.Help","links":[{"description":"Google developers console API activation","url":"https://console.developers.google.com/apis/api/compute.googleapis.com/overview?project=872343715857"}]}]}},"response":{"statusCode":403}},"exit":1,"message":"Request to https://compute.googleapis.com/compute/v1/projects/872343715857 had HTTP Error: 403, Compute Engine API has not been used in project 872343715857 before or it is disabled. Enable it by visiting https://console.developers.google.com/apis/api/compute.googleapis.com/overview?project=872343715857 then retry. If you enabled this API recently, wait a few minutes for the action to propagate to our systems and retry.","status":403}
[debug] [2026-08-03T13:20:21.425Z] Checked if tokens are valid: true, expires at: 1785764767620
[debug] [2026-08-03T13:20:21.425Z] Checked if tokens are valid: true, expires at: 1785764767620
[debug] [2026-08-03T13:20:21.425Z] >>> [apiv2][query] GET https://compute.googleapis.com/compute/v1/projects/872343715857 [none]
[debug] [2026-08-03T13:20:21.498Z] <<< [apiv2][status] GET https://compute.googleapis.com/compute/v1/projects/872343715857 403
[debug] [2026-08-03T13:20:21.499Z] <<< [apiv2][body] GET https://compute.googleapis.com/compute/v1/projects/872343715857 {"error":{"code":403,"message":"Compute Engine API has not been used in project 872343715857 before or it is disabled. Enable it by visiting https://console.developers.google.com/apis/api/compute.googleapis.com/overview?project=872343715857 then retry. If you enabled this API recently, wait a few minutes for the action to propagate to our systems and retry.","errors":[{"message":"Compute Engine API has not been used in project 872343715857 before or it is disabled. Enable it by visiting https://console.developers.google.com/apis/api/compute.googleapis.com/overview?project=872343715857 then retry. If you enabled this API recently, wait a few minutes for the action to propagate to our systems and retry.","domain":"usageLimits","reason":"accessNotConfigured","extendedHelp":"https://console.developers.google.com"}],"status":"PERMISSION_DENIED","details":[{"@type":"type.googleapis.com/google.rpc.ErrorInfo","reason":"SERVICE_DISABLED","domain":"googleapis.com","metadata":{"activationUrl":"https://console.developers.google.com/apis/api/compute.googleapis.com/overview?project=872343715857","service":"compute.googleapis.com","serviceTitle":"Compute Engine API","consumer":"projects/872343715857","containerInfo":"872343715857"}},{"@type":"type.googleapis.com/google.rpc.LocalizedMessage","locale":"en-US","message":"Compute Engine API has not been used in project 872343715857 before or it is disabled. Enable it by visiting https://console.developers.google.com/apis/api/compute.googleapis.com/overview?project=872343715857 then retry. If you enabled this API recently, wait a few minutes for the action to propagate to our systems and retry."},{"@type":"type.googleapis.com/google.rpc.Help","links":[{"description":"Google developers console API activation","url":"https://console.developers.google.com/apis/api/compute.googleapis.com/overview?project=872343715857"}]}]}}
[debug] [2026-08-03T13:20:21.499Z] unable to look up default compute service account. Falling back to 872343715857-compute@developer.gserviceaccount.com. Error: {"name":"FirebaseError","children":[],"context":{"body":{"error":{"code":403,"message":"Compute Engine API has not been used in project 872343715857 before or it is disabled. Enable it by visiting https://console.developers.google.com/apis/api/compute.googleapis.com/overview?project=872343715857 then retry. If you enabled this API recently, wait a few minutes for the action to propagate to our systems and retry.","errors":[{"message":"Compute Engine API has not been used in project 872343715857 before or it is disabled. Enable it by visiting https://console.developers.google.com/apis/api/compute.googleapis.com/overview?project=872343715857 then retry. If you enabled this API recently, wait a few minutes for the action to propagate to our systems and retry.","domain":"usageLimits","reason":"accessNotConfigured","extendedHelp":"https://console.developers.google.com"}],"status":"PERMISSION_DENIED","details":[{"@type":"type.googleapis.com/google.rpc.ErrorInfo","reason":"SERVICE_DISABLED","domain":"googleapis.com","metadata":{"activationUrl":"https://console.developers.google.com/apis/api/compute.googleapis.com/overview?project=872343715857","service":"compute.googleapis.com","serviceTitle":"Compute Engine API","consumer":"projects/872343715857","containerInfo":"872343715857"}},{"@type":"type.googleapis.com/google.rpc.LocalizedMessage","locale":"en-US","message":"Compute Engine API has not been used in project 872343715857 before or it is disabled. Enable it by visiting https://console.developers.google.com/apis/api/compute.googleapis.com/overview?project=872343715857 then retry. If you enabled this API recently, wait a few minutes for the action to propagate to our systems and retry."},{"@type":"type.googleapis.com/google.rpc.Help","links":[{"description":"Google developers console API activation","url":"https://console.developers.google.com/apis/api/compute.googleapis.com/overview?project=872343715857"}]}]}},"response":{"statusCode":403}},"exit":1,"message":"Request to https://compute.googleapis.com/compute/v1/projects/872343715857 had HTTP Error: 403, Compute Engine API has not been used in project 872343715857 before or it is disabled. Enable it by visiting https://console.developers.google.com/apis/api/compute.googleapis.com/overview?project=872343715857 then retry. If you enabled this API recently, wait a few minutes for the action to propagate to our systems and retry.","status":403}
[info] i  functions: ensuring 872343715857-compute@developer.gserviceaccount.com access to secret GEMINI_API_KEY. 
[debug] [2026-08-03T13:20:21.500Z] Checked if tokens are valid: true, expires at: 1785764767620
[debug] [2026-08-03T13:20:21.500Z] Checked if tokens are valid: true, expires at: 1785764767620
[debug] [2026-08-03T13:20:21.500Z] >>> [apiv2][query] GET https://secretmanager.googleapis.com/v1/projects/entrenando-8a141/secrets/GEMINI_API_KEY:getIamPolicy [none]
[debug] [2026-08-03T13:20:21.669Z] <<< [apiv2][status] GET https://secretmanager.googleapis.com/v1/projects/entrenando-8a141/secrets/GEMINI_API_KEY:getIamPolicy 200
[debug] [2026-08-03T13:20:21.669Z] <<< [apiv2][body] GET https://secretmanager.googleapis.com/v1/projects/entrenando-8a141/secrets/GEMINI_API_KEY:getIamPolicy {"etag":"ACAB"}
[debug] [2026-08-03T13:20:21.670Z] Checked if tokens are valid: true, expires at: 1785764767620
[debug] [2026-08-03T13:20:21.670Z] Checked if tokens are valid: true, expires at: 1785764767620
[debug] [2026-08-03T13:20:21.670Z] >>> [apiv2][query] POST https://secretmanager.googleapis.com/v1/projects/entrenando-8a141/secrets/GEMINI_API_KEY:setIamPolicy [none]
[debug] [2026-08-03T13:20:21.670Z] >>> [apiv2][body] POST https://secretmanager.googleapis.com/v1/projects/entrenando-8a141/secrets/GEMINI_API_KEY:setIamPolicy {"policy":{"bindings":[{"role":"roles/secretmanager.secretAccessor","members":["serviceAccount:872343715857-compute@developer.gserviceaccount.com"]}]},"updateMask":"bindings"}
[debug] [2026-08-03T13:20:22.083Z] <<< [apiv2][status] POST https://secretmanager.googleapis.com/v1/projects/entrenando-8a141/secrets/GEMINI_API_KEY:setIamPolicy 200
[debug] [2026-08-03T13:20:22.083Z] <<< [apiv2][body] POST https://secretmanager.googleapis.com/v1/projects/entrenando-8a141/secrets/GEMINI_API_KEY:setIamPolicy {"version":1,"etag":"BwZYJGaAkRE=","bindings":[{"role":"roles/secretmanager.secretAccessor","members":["serviceAccount:872343715857-compute@developer.gserviceaccount.com"]}]}
[info] ✔  secretmanager: Granted roles/secretmanager.secretAccessor on projects/entrenando-8a141/secrets/GEMINI_API_KEY to 872343715857-compute@developer.gserviceaccount.com 
[info] ✔  functions: ensured 872343715857-compute@developer.gserviceaccount.com access to GEMINI_API_KEY. 
[debug] [2026-08-03T13:20:22.085Z] Checked if tokens are valid: true, expires at: 1785764767620
[debug] [2026-08-03T13:20:22.085Z] Checked if tokens are valid: true, expires at: 1785764767620
[debug] [2026-08-03T13:20:22.085Z] >>> [apiv2][query] GET https://serviceusage.googleapis.com/v1/projects/entrenando-8a141/services/cloudbilling.googleapis.com [none]
[debug] [2026-08-03T13:20:22.085Z] >>> [apiv2][(partial)header] GET https://serviceusage.googleapis.com/v1/projects/entrenando-8a141/services/cloudbilling.googleapis.com  x-goog-user-project=entrenando-8a141
[debug] [2026-08-03T13:20:22.374Z] <<< [apiv2][status] GET https://serviceusage.googleapis.com/v1/projects/entrenando-8a141/services/cloudbilling.googleapis.com 200
[debug] [2026-08-03T13:20:22.375Z] <<< [apiv2][body] GET https://serviceusage.googleapis.com/v1/projects/entrenando-8a141/services/cloudbilling.googleapis.com [omitted]
[debug] [2026-08-03T13:20:22.375Z] Checked if tokens are valid: true, expires at: 1785764767620
[debug] [2026-08-03T13:20:22.375Z] Checked if tokens are valid: true, expires at: 1785764767620
[debug] [2026-08-03T13:20:22.375Z] >>> [apiv2][query] POST https://serviceusage.googleapis.com/v1/projects/entrenando-8a141/services/cloudbilling.googleapis.com:enable [none]
[debug] [2026-08-03T13:20:22.375Z] >>> [apiv2][(partial)header] POST https://serviceusage.googleapis.com/v1/projects/entrenando-8a141/services/cloudbilling.googleapis.com:enable  x-goog-user-project=entrenando-8a141
[debug] [2026-08-03T13:20:22.935Z] <<< [apiv2][status] POST https://serviceusage.googleapis.com/v1/projects/entrenando-8a141/services/cloudbilling.googleapis.com:enable 200
[debug] [2026-08-03T13:20:22.935Z] <<< [apiv2][body] POST https://serviceusage.googleapis.com/v1/projects/entrenando-8a141/services/cloudbilling.googleapis.com:enable [omitted]
[debug] [2026-08-03T13:20:32.972Z] Checked if tokens are valid: true, expires at: 1785764767620
[debug] [2026-08-03T13:20:32.972Z] Checked if tokens are valid: true, expires at: 1785764767620
[debug] [2026-08-03T13:20:32.972Z] >>> [apiv2][query] GET https://cloudbilling.googleapis.com/v1/projects/entrenando-8a141/billingInfo [none]
[debug] [2026-08-03T13:20:32.972Z] >>> [apiv2][(partial)header] GET https://cloudbilling.googleapis.com/v1/projects/entrenando-8a141/billingInfo  x-goog-user-project=entrenando-8a141
[debug] [2026-08-03T13:20:33.133Z] <<< [apiv2][status] GET https://cloudbilling.googleapis.com/v1/projects/entrenando-8a141/billingInfo 200
[debug] [2026-08-03T13:20:33.133Z] <<< [apiv2][body] GET https://cloudbilling.googleapis.com/v1/projects/entrenando-8a141/billingInfo {"name":"projects/entrenando-8a141/billingInfo","projectId":"entrenando-8a141","billingAccountName":"billingAccounts/01E7AA-8D13BE-CE51DB","billingEnabled":true}
[debug] [2026-08-03T13:20:33.134Z] [functions] found 1 new HTTP functions, testing setIamPolicy permission...
[debug] [2026-08-03T13:20:33.135Z] Checked if tokens are valid: true, expires at: 1785764767620
[debug] [2026-08-03T13:20:33.135Z] Checked if tokens are valid: true, expires at: 1785764767620
[debug] [2026-08-03T13:20:33.135Z] >>> [apiv2][query] POST https://cloudresourcemanager.googleapis.com/v1/projects/entrenando-8a141:testIamPermissions [none]
[debug] [2026-08-03T13:20:33.135Z] >>> [apiv2][(partial)header] POST https://cloudresourcemanager.googleapis.com/v1/projects/entrenando-8a141:testIamPermissions  x-goog-user-project=entrenando-8a141
[debug] [2026-08-03T13:20:33.135Z] >>> [apiv2][body] POST https://cloudresourcemanager.googleapis.com/v1/projects/entrenando-8a141:testIamPermissions {"permissions":["cloudfunctions.functions.setIamPolicy"]}
[debug] [2026-08-03T13:20:33.271Z] <<< [apiv2][status] POST https://cloudresourcemanager.googleapis.com/v1/projects/entrenando-8a141:testIamPermissions 200
[debug] [2026-08-03T13:20:33.271Z] <<< [apiv2][body] POST https://cloudresourcemanager.googleapis.com/v1/projects/entrenando-8a141:testIamPermissions {"permissions":["cloudfunctions.functions.setIamPolicy"]}
[debug] [2026-08-03T13:20:33.271Z] [functions] found setIamPolicy permission, proceeding with deploy
[debug] [2026-08-03T13:20:33.272Z] Checked if tokens are valid: true, expires at: 1785764767620
[debug] [2026-08-03T13:20:33.272Z] Checked if tokens are valid: true, expires at: 1785764767620
[debug] [2026-08-03T13:20:33.272Z] >>> [apiv2][query] POST https://cloudfunctions.googleapis.com/v2/projects/entrenando-8a141/locations/southamerica-east1/functions:generateUploadUrl [none]
[debug] [2026-08-03T13:20:35.828Z] <<< [apiv2][status] POST https://cloudfunctions.googleapis.com/v2/projects/entrenando-8a141/locations/southamerica-east1/functions:generateUploadUrl 200
[debug] [2026-08-03T13:20:35.828Z] <<< [apiv2][body] POST https://cloudfunctions.googleapis.com/v2/projects/entrenando-8a141/locations/southamerica-east1/functions:generateUploadUrl {"uploadUrl":"https://storage.googleapis.com/gcf-v2-uploads-872343715857.southamerica-east1.cloudfunctions.appspot.com/ccb1de1f-37f8-4813-8d3a-9e8b693c0420.zip?GoogleAccessId=service-872343715857@gcf-admin-robot.iam.gserviceaccount.com&Expires=1785765035&Signature=nKcDwwKfsuL58muyYU3KDJz%2Ftccb%2BztSR9xocQM6KKpoRuvXqy0OyVcCu1y%2BUBKvxHhECbB7ymeuUo8SPxJ6QsVwnpY81zs7wL%2Fy%2FUAVnzXmsNloVVkUIB0SV%2B4G6SsJOI8pjDtR05NVMfA18PvvWkK3hKkC0BUmbBhmaXVI83M9wcPiMfabfoeBOR8IxTOYdJ0o6j9s60ILzm2qpJBI53OWB6uuIn8Yhvzr84aeqUgjUgipa07SHNEL1w8ZBsL9M03LarEmgpmkthKXMssS0wwNmuOj7lu6j7o2B19k1KMcNdrzwA3G30Dz5SWGkXZbHH5GbrXoZ7zRc6hFXWhw1A%3D%3D","storageSource":{"bucket":"gcf-v2-uploads-872343715857.southamerica-east1.cloudfunctions.appspot.com","object":"ccb1de1f-37f8-4813-8d3a-9e8b693c0420.zip"}}
[debug] [2026-08-03T13:20:35.828Z] >>> [apiv2][query] PUT https://storage.googleapis.com/gcf-v2-uploads-872343715857.southamerica-east1.cloudfunctions.appspot.com/ccb1de1f-37f8-4813-8d3a-9e8b693c0420.zip GoogleAccessId=service-872343715857%40gcf-admin-robot.iam.gserviceaccount.com&Expires=1785765035&Signature=nKcDwwKfsuL58muyYU3KDJz%2Ftccb%2BztSR9xocQM6KKpoRuvXqy0OyVcCu1y%2BUBKvxHhECbB7ymeuUo8SPxJ6QsVwnpY81zs7wL%2Fy%2FUAVnzXmsNloVVkUIB0SV%2B4G6SsJOI8pjDtR05NVMfA18PvvWkK3hKkC0BUmbBhmaXVI83M9wcPiMfabfoeBOR8IxTOYdJ0o6j9s60ILzm2qpJBI53OWB6uuIn8Yhvzr84aeqUgjUgipa07SHNEL1w8ZBsL9M03LarEmgpmkthKXMssS0wwNmuOj7lu6j7o2B19k1KMcNdrzwA3G30Dz5SWGkXZbHH5GbrXoZ7zRc6hFXWhw1A%3D%3D
[debug] [2026-08-03T13:20:35.828Z] >>> [apiv2][body] PUT https://storage.googleapis.com/gcf-v2-uploads-872343715857.southamerica-east1.cloudfunctions.appspot.com/ccb1de1f-37f8-4813-8d3a-9e8b693c0420.zip [stream]
[debug] [2026-08-03T13:20:36.661Z] <<< [apiv2][status] PUT https://storage.googleapis.com/gcf-v2-uploads-872343715857.southamerica-east1.cloudfunctions.appspot.com/ccb1de1f-37f8-4813-8d3a-9e8b693c0420.zip 200
[debug] [2026-08-03T13:20:36.662Z] <<< [apiv2][body] PUT https://storage.googleapis.com/gcf-v2-uploads-872343715857.southamerica-east1.cloudfunctions.appspot.com/ccb1de1f-37f8-4813-8d3a-9e8b693c0420.zip [omitted]
[info] ✔  functions: functions source uploaded successfully 
[info] i  functions: creating Node.js 20 (2nd Gen) function asignarRolClaim(southamerica-east1)... 
[info] i  functions: creating Node.js 20 (2nd Gen) function recalcularStats(southamerica-east1)... 
[info] i  functions: creating Node.js 20 (2nd Gen) function ia(us-central1)... 
[debug] [2026-08-03T13:20:36.668Z] Checked if tokens are valid: true, expires at: 1785764767620
[debug] [2026-08-03T13:20:36.668Z] Checked if tokens are valid: true, expires at: 1785764767620
[debug] [2026-08-03T13:20:36.668Z] Checked if tokens are valid: true, expires at: 1785764767620
[debug] [2026-08-03T13:20:36.668Z] Checked if tokens are valid: true, expires at: 1785764767620
[debug] [2026-08-03T13:20:36.668Z] >>> [apiv2][query] POST https://cloudfunctions.googleapis.com/v2/projects/entrenando-8a141/locations/southamerica-east1/functions functionId=asignarRolClaim
[debug] [2026-08-03T13:20:36.668Z] >>> [apiv2][body] POST https://cloudfunctions.googleapis.com/v2/projects/entrenando-8a141/locations/southamerica-east1/functions {"name":"projects/entrenando-8a141/locations/southamerica-east1/functions/asignarRolClaim","buildConfig":{"runtime":"nodejs20","entryPoint":"asignarRolClaim","source":{"storageSource":{"bucket":"gcf-v2-uploads-872343715857.southamerica-east1.cloudfunctions.appspot.com","object":"ccb1de1f-37f8-4813-8d3a-9e8b693c0420.zip"}},"environmentVariables":{"GOOGLE_NODE_RUN_SCRIPTS":""}},"serviceConfig":{"environmentVariables":{"FIREBASE_CONFIG":"{\"projectId\":\"entrenando-8a141\",\"storageBucket\":\"entrenando-8a141.firebasestorage.app\"}","GCLOUD_PROJECT":"entrenando-8a141","EVENTARC_CLOUD_EVENT_SOURCE":"projects/entrenando-8a141/locations/southamerica-east1/services/asignarRolClaim","FUNCTION_REGION":"southamerica-east1","FUNCTION_SIGNATURE_TYPE":"cloudevent","FUNCTION_TARGET":"asignarRolClaim","LOG_EXECUTION_ID":"true"},"ingressSettings":null,"timeoutSeconds":null,"serviceAccountEmail":null,"availableMemory":"256Mi","minInstanceCount":null,"maxInstanceCount":null,"maxInstanceRequestConcurrency":80,"availableCpu":"1","vpcConnector":null,"vpcConnectorEgressSettings":null,"directVpcNetworkInterface":null,"directVpcEgress":null},"labels":{"deployment-tool":"cli-firebase","firebase-functions-hash":"6b3553fae1d2f6db6503fadaec9d4cd4db42624b"},"eventTrigger":{"eventType":"google.cloud.firestore.document.v1.created","retryPolicy":"RETRY_POLICY_DO_NOT_RETRY","eventFilters":[{"attribute":"database","value":"(default)"},{"attribute":"namespace","value":"(default)"},{"attribute":"document","value":"usuarios/{uid}","operator":"match-path-pattern"}],"triggerRegion":"southamerica-east1"}}
[debug] [2026-08-03T13:20:36.669Z] >>> [apiv2][query] POST https://cloudfunctions.googleapis.com/v2/projects/entrenando-8a141/locations/us-central1/functions functionId=ia
[debug] [2026-08-03T13:20:36.669Z] >>> [apiv2][body] POST https://cloudfunctions.googleapis.com/v2/projects/entrenando-8a141/locations/us-central1/functions {"name":"projects/entrenando-8a141/locations/us-central1/functions/ia","buildConfig":{"runtime":"nodejs20","entryPoint":"ia","source":{"storageSource":{"bucket":"gcf-v2-uploads-872343715857.southamerica-east1.cloudfunctions.appspot.com","object":"ccb1de1f-37f8-4813-8d3a-9e8b693c0420.zip"}},"environmentVariables":{"GOOGLE_NODE_RUN_SCRIPTS":""}},"serviceConfig":{"environmentVariables":{"FIREBASE_CONFIG":"{\"projectId\":\"entrenando-8a141\",\"storageBucket\":\"entrenando-8a141.firebasestorage.app\"}","GCLOUD_PROJECT":"entrenando-8a141","EVENTARC_CLOUD_EVENT_SOURCE":"projects/entrenando-8a141/locations/us-central1/services/ia","FUNCTION_REGION":"us-central1","FUNCTION_TARGET":"ia","LOG_EXECUTION_ID":"true"},"secretEnvironmentVariables":[{"key":"GEMINI_API_KEY","secret":"GEMINI_API_KEY","projectId":"entrenando-8a141","version":"2"}],"ingressSettings":null,"timeoutSeconds":null,"serviceAccountEmail":null,"availableMemory":"256Mi","minInstanceCount":null,"maxInstanceCount":null,"maxInstanceRequestConcurrency":80,"availableCpu":"1","vpcConnector":null,"vpcConnectorEgressSettings":null,"directVpcNetworkInterface":null,"directVpcEgress":null},"labels":{"deployment-tool":"cli-firebase","firebase-functions-hash":"7c53c0b247e7191dcbe99690d497223815d49196"}}
[debug] [2026-08-03T13:20:40.209Z] <<< [apiv2][status] POST https://cloudfunctions.googleapis.com/v2/projects/entrenando-8a141/locations/us-central1/functions 200
[debug] [2026-08-03T13:20:40.209Z] <<< [apiv2][body] POST https://cloudfunctions.googleapis.com/v2/projects/entrenando-8a141/locations/us-central1/functions {"name":"projects/entrenando-8a141/locations/us-central1/operations/operation-1785763236867-658246762ecc9-4a8e1cbd-ff4fc5e6","metadata":{"@type":"type.googleapis.com/google.cloud.functions.v2.OperationMetadata","createTime":"2026-08-03T13:20:40.150230381Z","target":"projects/entrenando-8a141/locations/us-central1/functions/ia","verb":"create","cancelRequested":false,"apiVersion":"v2"},"done":false}
[debug] [2026-08-03T13:20:40.210Z] Checked if tokens are valid: true, expires at: 1785764767620
[debug] [2026-08-03T13:20:40.210Z] Checked if tokens are valid: true, expires at: 1785764767620
[debug] [2026-08-03T13:20:40.214Z] >>> [apiv2][query] GET https://cloudfunctions.googleapis.com/v2/projects/entrenando-8a141/locations/us-central1/operations/operation-1785763236867-658246762ecc9-4a8e1cbd-ff4fc5e6 [none]
[debug] [2026-08-03T13:20:40.337Z] <<< [apiv2][status] GET https://cloudfunctions.googleapis.com/v2/projects/entrenando-8a141/locations/us-central1/operations/operation-1785763236867-658246762ecc9-4a8e1cbd-ff4fc5e6 200
[debug] [2026-08-03T13:20:40.337Z] <<< [apiv2][body] GET https://cloudfunctions.googleapis.com/v2/projects/entrenando-8a141/locations/us-central1/operations/operation-1785763236867-658246762ecc9-4a8e1cbd-ff4fc5e6 {"name":"projects/entrenando-8a141/locations/us-central1/operations/operation-1785763236867-658246762ecc9-4a8e1cbd-ff4fc5e6","metadata":{"@type":"type.googleapis.com/google.cloud.functions.v2.OperationMetadata","createTime":"2026-08-03T13:20:40.150230381Z","target":"projects/entrenando-8a141/locations/us-central1/functions/ia","verb":"create","cancelRequested":false,"apiVersion":"v2"},"done":false}
[debug] [2026-08-03T13:20:40.842Z] [create-default-us-central1-ia] Retrying task index 0
[debug] [2026-08-03T13:20:40.842Z] Checked if tokens are valid: true, expires at: 1785764767620
[debug] [2026-08-03T13:20:40.842Z] Checked if tokens are valid: true, expires at: 1785764767620
[debug] [2026-08-03T13:20:40.842Z] >>> [apiv2][query] GET https://cloudfunctions.googleapis.com/v2/projects/entrenando-8a141/locations/us-central1/operations/operation-1785763236867-658246762ecc9-4a8e1cbd-ff4fc5e6 [none]
[debug] [2026-08-03T13:20:40.926Z] <<< [apiv2][status] GET https://cloudfunctions.googleapis.com/v2/projects/entrenando-8a141/locations/us-central1/operations/operation-1785763236867-658246762ecc9-4a8e1cbd-ff4fc5e6 200
[debug] [2026-08-03T13:20:40.926Z] <<< [apiv2][body] GET https://cloudfunctions.googleapis.com/v2/projects/entrenando-8a141/locations/us-central1/operations/operation-1785763236867-658246762ecc9-4a8e1cbd-ff4fc5e6 {"name":"projects/entrenando-8a141/locations/us-central1/operations/operation-1785763236867-658246762ecc9-4a8e1cbd-ff4fc5e6","metadata":{"@type":"type.googleapis.com/google.cloud.functions.v2.OperationMetadata","createTime":"2026-08-03T13:20:40.150230381Z","target":"projects/entrenando-8a141/locations/us-central1/functions/ia","verb":"create","cancelRequested":false,"apiVersion":"v2","requestResource":{"@type":"type.googleapis.com/google.cloud.functions.v2.Function","name":"projects/entrenando-8a141/locations/us-central1/functions/ia","buildConfig":{"runtime":"nodejs20","entryPoint":"ia","source":{"storageSource":{"bucket":"gcf-v2-sources-872343715857-us-central1","object":"ia/function-source.zip","generation":"1785763239113563"}},"environmentVariables":{"GOOGLE_NODE_RUN_SCRIPTS":""},"serviceAccount":"projects/entrenando-8a141/serviceAccounts/872343715857-compute@developer.gserviceaccount.com","automaticUpdatePolicy":{}},"serviceConfig":{"service":"projects/entrenando-8a141/locations/us-central1/services/ia","timeoutSeconds":60,"environmentVariables":{"FIREBASE_CONFIG":"{\"projectId\":\"entrenando-8a141\",\"storageBucket\":\"entrenando-8a141.firebasestorage.app\"}","GCLOUD_PROJECT":"entrenando-8a141","EVENTARC_CLOUD_EVENT_SOURCE":"projects/entrenando-8a141/locations/us-central1/services/ia","FUNCTION_REGION":"us-central1","FUNCTION_TARGET":"ia","LOG_EXECUTION_ID":"true"},"ingressSettings":"ALLOW_ALL","serviceAccountEmail":"872343715857-compute@developer.gserviceaccount.com","availableMemory":"256Mi","secretEnvironmentVariables":[{"key":"GEMINI_API_KEY","projectId":"entrenando-8a141","secret":"GEMINI_API_KEY","version":"2"}],"maxInstanceRequestConcurrency":80,"availableCpu":"1"},"labels":{"deployment-tool":"cli-firebase","firebase-functions-hash":"7c53c0b247e7191dcbe99690d497223815d49196"},"environment":"GEN_2"},"stages":[{"name":"BUILD","state":"NOT_STARTED","stateMessages":[{"severity":"WARNING","type":"BuildAnalysisWarning","message":"Node.js 20 is no longer supported by the Node.js community as of 30 April, 2026. Node.js 20 will be decommissioned on 2026-10-30. As of 2026-10-30 you will no longer be able to deploy your Cloud Functions using nodejs20. We recommend you to upgrade to the latest version of Node.js as soon as possible."}]},{"name":"SERVICE","state":"NOT_STARTED"}],"operationType":"CREATE_FUNCTION"},"done":false}
[debug] [2026-08-03T13:20:41.926Z] [create-default-us-central1-ia] Retrying task index 0
[debug] [2026-08-03T13:20:41.927Z] Checked if tokens are valid: true, expires at: 1785764767620
[debug] [2026-08-03T13:20:41.927Z] Checked if tokens are valid: true, expires at: 1785764767620
[debug] [2026-08-03T13:20:41.927Z] >>> [apiv2][query] GET https://cloudfunctions.googleapis.com/v2/projects/entrenando-8a141/locations/us-central1/operations/operation-1785763236867-658246762ecc9-4a8e1cbd-ff4fc5e6 [none]
[debug] [2026-08-03T13:20:42.131Z] <<< [apiv2][status] GET https://cloudfunctions.googleapis.com/v2/projects/entrenando-8a141/locations/us-central1/operations/operation-1785763236867-658246762ecc9-4a8e1cbd-ff4fc5e6 200
[debug] [2026-08-03T13:20:42.131Z] <<< [apiv2][body] GET https://cloudfunctions.googleapis.com/v2/projects/entrenando-8a141/locations/us-central1/operations/operation-1785763236867-658246762ecc9-4a8e1cbd-ff4fc5e6 {"name":"projects/entrenando-8a141/locations/us-central1/operations/operation-1785763236867-658246762ecc9-4a8e1cbd-ff4fc5e6","metadata":{"@type":"type.googleapis.com/google.cloud.functions.v2.OperationMetadata","createTime":"2026-08-03T13:20:40.150230381Z","target":"projects/entrenando-8a141/locations/us-central1/functions/ia","verb":"create","cancelRequested":false,"apiVersion":"v2","requestResource":{"@type":"type.googleapis.com/google.cloud.functions.v2.Function","name":"projects/entrenando-8a141/locations/us-central1/functions/ia","buildConfig":{"runtime":"nodejs20","entryPoint":"ia","source":{"storageSource":{"bucket":"gcf-v2-sources-872343715857-us-central1","object":"ia/function-source.zip","generation":"1785763239113563"}},"environmentVariables":{"GOOGLE_NODE_RUN_SCRIPTS":""},"serviceAccount":"projects/entrenando-8a141/serviceAccounts/872343715857-compute@developer.gserviceaccount.com","automaticUpdatePolicy":{}},"serviceConfig":{"service":"projects/entrenando-8a141/locations/us-central1/services/ia","timeoutSeconds":60,"environmentVariables":{"FIREBASE_CONFIG":"{\"projectId\":\"entrenando-8a141\",\"storageBucket\":\"entrenando-8a141.firebasestorage.app\"}","GCLOUD_PROJECT":"entrenando-8a141","EVENTARC_CLOUD_EVENT_SOURCE":"projects/entrenando-8a141/locations/us-central1/services/ia","FUNCTION_REGION":"us-central1","FUNCTION_TARGET":"ia","LOG_EXECUTION_ID":"true"},"ingressSettings":"ALLOW_ALL","serviceAccountEmail":"872343715857-compute@developer.gserviceaccount.com","availableMemory":"256Mi","secretEnvironmentVariables":[{"key":"GEMINI_API_KEY","projectId":"entrenando-8a141","secret":"GEMINI_API_KEY","version":"2"}],"maxInstanceRequestConcurrency":80,"availableCpu":"1"},"labels":{"deployment-tool":"cli-firebase","firebase-functions-hash":"7c53c0b247e7191dcbe99690d497223815d49196"},"environment":"GEN_2"},"stages":[{"name":"BUILD","state":"NOT_STARTED","stateMessages":[{"severity":"WARNING","type":"BuildAnalysisWarning","message":"Node.js 20 is no longer supported by the Node.js community as of 30 April, 2026. Node.js 20 will be decommissioned on 2026-10-30. As of 2026-10-30 you will no longer be able to deploy your Cloud Functions using nodejs20. We recommend you to upgrade to the latest version of Node.js as soon as possible."}]},{"name":"SERVICE","state":"NOT_STARTED"}],"operationType":"CREATE_FUNCTION"},"done":false}
[debug] [2026-08-03T13:20:44.132Z] [create-default-us-central1-ia] Retrying task index 0
[debug] [2026-08-03T13:20:44.132Z] Checked if tokens are valid: true, expires at: 1785764767620
[debug] [2026-08-03T13:20:44.132Z] Checked if tokens are valid: true, expires at: 1785764767620
[debug] [2026-08-03T13:20:44.132Z] >>> [apiv2][query] GET https://cloudfunctions.googleapis.com/v2/projects/entrenando-8a141/locations/us-central1/operations/operation-1785763236867-658246762ecc9-4a8e1cbd-ff4fc5e6 [none]
[debug] [2026-08-03T13:20:44.225Z] <<< [apiv2][status] GET https://cloudfunctions.googleapis.com/v2/projects/entrenando-8a141/locations/us-central1/operations/operation-1785763236867-658246762ecc9-4a8e1cbd-ff4fc5e6 200
[debug] [2026-08-03T13:20:44.225Z] <<< [apiv2][body] GET https://cloudfunctions.googleapis.com/v2/projects/entrenando-8a141/locations/us-central1/operations/operation-1785763236867-658246762ecc9-4a8e1cbd-ff4fc5e6 {"name":"projects/entrenando-8a141/locations/us-central1/operations/operation-1785763236867-658246762ecc9-4a8e1cbd-ff4fc5e6","metadata":{"@type":"type.googleapis.com/google.cloud.functions.v2.OperationMetadata","createTime":"2026-08-03T13:20:40.150230381Z","target":"projects/entrenando-8a141/locations/us-central1/functions/ia","verb":"create","cancelRequested":false,"apiVersion":"v2","requestResource":{"@type":"type.googleapis.com/google.cloud.functions.v2.Function","name":"projects/entrenando-8a141/locations/us-central1/functions/ia","buildConfig":{"runtime":"nodejs20","entryPoint":"ia","source":{"storageSource":{"bucket":"gcf-v2-sources-872343715857-us-central1","object":"ia/function-source.zip","generation":"1785763239113563"}},"environmentVariables":{"GOOGLE_NODE_RUN_SCRIPTS":""},"serviceAccount":"projects/entrenando-8a141/serviceAccounts/872343715857-compute@developer.gserviceaccount.com","automaticUpdatePolicy":{}},"serviceConfig":{"service":"projects/entrenando-8a141/locations/us-central1/services/ia","timeoutSeconds":60,"environmentVariables":{"FIREBASE_CONFIG":"{\"projectId\":\"entrenando-8a141\",\"storageBucket\":\"entrenando-8a141.firebasestorage.app\"}","GCLOUD_PROJECT":"entrenando-8a141","EVENTARC_CLOUD_EVENT_SOURCE":"projects/entrenando-8a141/locations/us-central1/services/ia","FUNCTION_REGION":"us-central1","FUNCTION_TARGET":"ia","LOG_EXECUTION_ID":"true"},"ingressSettings":"ALLOW_ALL","serviceAccountEmail":"872343715857-compute@developer.gserviceaccount.com","availableMemory":"256Mi","secretEnvironmentVariables":[{"key":"GEMINI_API_KEY","projectId":"entrenando-8a141","secret":"GEMINI_API_KEY","version":"2"}],"maxInstanceRequestConcurrency":80,"availableCpu":"1"},"labels":{"deployment-tool":"cli-firebase","firebase-functions-hash":"7c53c0b247e7191dcbe99690d497223815d49196"},"environment":"GEN_2"},"stages":[{"name":"BUILD","state":"NOT_STARTED","stateMessages":[{"severity":"WARNING","type":"BuildAnalysisWarning","message":"Node.js 20 is no longer supported by the Node.js community as of 30 April, 2026. Node.js 20 will be decommissioned on 2026-10-30. As of 2026-10-30 you will no longer be able to deploy your Cloud Functions using nodejs20. We recommend you to upgrade to the latest version of Node.js as soon as possible."}]},{"name":"SERVICE","state":"NOT_STARTED"}],"operationType":"CREATE_FUNCTION"},"done":false}
[debug] [2026-08-03T13:20:48.226Z] [create-default-us-central1-ia] Retrying task index 0
[debug] [2026-08-03T13:20:48.226Z] Checked if tokens are valid: true, expires at: 1785764767620
[debug] [2026-08-03T13:20:48.226Z] Checked if tokens are valid: true, expires at: 1785764767620
[debug] [2026-08-03T13:20:48.226Z] >>> [apiv2][query] GET https://cloudfunctions.googleapis.com/v2/projects/entrenando-8a141/locations/us-central1/operations/operation-1785763236867-658246762ecc9-4a8e1cbd-ff4fc5e6 [none]
[debug] [2026-08-03T13:20:48.333Z] <<< [apiv2][status] GET https://cloudfunctions.googleapis.com/v2/projects/entrenando-8a141/locations/us-central1/operations/operation-1785763236867-658246762ecc9-4a8e1cbd-ff4fc5e6 200
[debug] [2026-08-03T13:20:48.333Z] <<< [apiv2][body] GET https://cloudfunctions.googleapis.com/v2/projects/entrenando-8a141/locations/us-central1/operations/operation-1785763236867-658246762ecc9-4a8e1cbd-ff4fc5e6 {"name":"projects/entrenando-8a141/locations/us-central1/operations/operation-1785763236867-658246762ecc9-4a8e1cbd-ff4fc5e6","metadata":{"@type":"type.googleapis.com/google.cloud.functions.v2.OperationMetadata","createTime":"2026-08-03T13:20:40.150230381Z","target":"projects/entrenando-8a141/locations/us-central1/functions/ia","verb":"create","cancelRequested":false,"apiVersion":"v2","requestResource":{"@type":"type.googleapis.com/google.cloud.functions.v2.Function","name":"projects/entrenando-8a141/locations/us-central1/functions/ia","buildConfig":{"runtime":"nodejs20","entryPoint":"ia","source":{"storageSource":{"bucket":"gcf-v2-sources-872343715857-us-central1","object":"ia/function-source.zip","generation":"1785763239113563"}},"environmentVariables":{"GOOGLE_NODE_RUN_SCRIPTS":""},"serviceAccount":"projects/entrenando-8a141/serviceAccounts/872343715857-compute@developer.gserviceaccount.com","automaticUpdatePolicy":{}},"serviceConfig":{"service":"projects/entrenando-8a141/locations/us-central1/services/ia","timeoutSeconds":60,"environmentVariables":{"FIREBASE_CONFIG":"{\"projectId\":\"entrenando-8a141\",\"storageBucket\":\"entrenando-8a141.firebasestorage.app\"}","GCLOUD_PROJECT":"entrenando-8a141","EVENTARC_CLOUD_EVENT_SOURCE":"projects/entrenando-8a141/locations/us-central1/services/ia","FUNCTION_REGION":"us-central1","FUNCTION_TARGET":"ia","LOG_EXECUTION_ID":"true"},"ingressSettings":"ALLOW_ALL","serviceAccountEmail":"872343715857-compute@developer.gserviceaccount.com","availableMemory":"256Mi","secretEnvironmentVariables":[{"key":"GEMINI_API_KEY","projectId":"entrenando-8a141","secret":"GEMINI_API_KEY","version":"2"}],"maxInstanceRequestConcurrency":80,"availableCpu":"1"},"labels":{"deployment-tool":"cli-firebase","firebase-functions-hash":"7c53c0b247e7191dcbe99690d497223815d49196"},"environment":"GEN_2"},"stages":[{"name":"BUILD","state":"NOT_STARTED","stateMessages":[{"severity":"WARNING","type":"BuildAnalysisWarning","message":"Node.js 20 is no longer supported by the Node.js community as of 30 April, 2026. Node.js 20 will be decommissioned on 2026-10-30. As of 2026-10-30 you will no longer be able to deploy your Cloud Functions using nodejs20. We recommend you to upgrade to the latest version of Node.js as soon as possible."}]},{"name":"SERVICE","state":"NOT_STARTED"}],"operationType":"CREATE_FUNCTION"},"done":false}
[debug] [2026-08-03T13:20:54.714Z] <<< [apiv2][status] POST https://cloudfunctions.googleapis.com/v2/projects/entrenando-8a141/locations/southamerica-east1/functions 400
[debug] [2026-08-03T13:20:54.715Z] <<< [apiv2][body] POST https://cloudfunctions.googleapis.com/v2/projects/entrenando-8a141/locations/southamerica-east1/functions {"error":{"code":400,"message":"Validation failed for trigger projects/entrenando-8a141/locations/southamerica-east1/triggers/asignarrolclaim-047363: Invalid resource state for \"\": Permission denied while using the Eventarc Service Agent. If you recently started to use Eventarc, it may take a few minutes before all necessary permissions are propagated to the Service Agent. Otherwise, verify that it has Eventarc Service Agent role.","status":"FAILED_PRECONDITION"}}
[warn] ⚠  functions: Request to https://cloudfunctions.googleapis.com/v2/projects/entrenando-8a141/locations/southamerica-east1/functions?functionId=asignarRolClaim had HTTP Error: 400, Validation failed for trigger projects/entrenando-8a141/locations/southamerica-east1/triggers/asignarrolclaim-047363: Invalid resource state for "": Permission denied while using the Eventarc Service Agent. If you recently started to use Eventarc, it may take a few minutes before all necessary permissions are propagated to the Service Agent. Otherwise, verify that it has Eventarc Service Agent role. 
[warn] ⚠  functions: Since this is your first time using 2nd gen functions, we need a little bit longer to finish setting everything up. Retry the deployment in a few minutes. 
[warn] ⚠  functions:  failed to create function projects/entrenando-8a141/locations/southamerica-east1/functions/asignarRolClaim 
[error] Failed to create function projects/entrenando-8a141/locations/southamerica-east1/functions/asignarRolClaim
[debug] [2026-08-03T13:20:54.716Z] Checked if tokens are valid: true, expires at: 1785764767620
[debug] [2026-08-03T13:20:54.716Z] Checked if tokens are valid: true, expires at: 1785764767620
[debug] [2026-08-03T13:20:54.716Z] >>> [apiv2][query] POST https://cloudfunctions.googleapis.com/v2/projects/entrenando-8a141/locations/southamerica-east1/functions functionId=recalcularStats
[debug] [2026-08-03T13:20:54.716Z] >>> [apiv2][body] POST https://cloudfunctions.googleapis.com/v2/projects/entrenando-8a141/locations/southamerica-east1/functions {"name":"projects/entrenando-8a141/locations/southamerica-east1/functions/recalcularStats","buildConfig":{"runtime":"nodejs20","entryPoint":"recalcularStats","source":{"storageSource":{"bucket":"gcf-v2-uploads-872343715857.southamerica-east1.cloudfunctions.appspot.com","object":"ccb1de1f-37f8-4813-8d3a-9e8b693c0420.zip"}},"environmentVariables":{"GOOGLE_NODE_RUN_SCRIPTS":""}},"serviceConfig":{"environmentVariables":{"FIREBASE_CONFIG":"{\"projectId\":\"entrenando-8a141\",\"storageBucket\":\"entrenando-8a141.firebasestorage.app\"}","GCLOUD_PROJECT":"entrenando-8a141","EVENTARC_CLOUD_EVENT_SOURCE":"projects/entrenando-8a141/locations/southamerica-east1/services/recalcularStats","FUNCTION_REGION":"southamerica-east1","FUNCTION_SIGNATURE_TYPE":"cloudevent","FUNCTION_TARGET":"recalcularStats","LOG_EXECUTION_ID":"true"},"ingressSettings":null,"timeoutSeconds":null,"serviceAccountEmail":null,"availableMemory":"256Mi","minInstanceCount":null,"maxInstanceCount":null,"maxInstanceRequestConcurrency":80,"availableCpu":"1","vpcConnector":null,"vpcConnectorEgressSettings":null,"directVpcNetworkInterface":null,"directVpcEgress":null},"labels":{"deployment-tool":"cli-firebase","firebase-functions-hash":"6b3553fae1d2f6db6503fadaec9d4cd4db42624b"},"eventTrigger":{"eventType":"google.cloud.firestore.document.v1.created","retryPolicy":"RETRY_POLICY_DO_NOT_RETRY","eventFilters":[{"attribute":"database","value":"(default)"},{"attribute":"namespace","value":"(default)"},{"attribute":"document","value":"usuarios/{uid}/historial/{sesionId}","operator":"match-path-pattern"}],"triggerRegion":"southamerica-east1"}}
[debug] [2026-08-03T13:20:56.337Z] [create-default-us-central1-ia] Retrying task index 0
[debug] [2026-08-03T13:20:56.337Z] Checked if tokens are valid: true, expires at: 1785764767620
[debug] [2026-08-03T13:20:56.337Z] Checked if tokens are valid: true, expires at: 1785764767620
[debug] [2026-08-03T13:20:56.338Z] >>> [apiv2][query] GET https://cloudfunctions.googleapis.com/v2/projects/entrenando-8a141/locations/us-central1/operations/operation-1785763236867-658246762ecc9-4a8e1cbd-ff4fc5e6 [none]
[debug] [2026-08-03T13:20:56.462Z] <<< [apiv2][status] GET https://cloudfunctions.googleapis.com/v2/projects/entrenando-8a141/locations/us-central1/operations/operation-1785763236867-658246762ecc9-4a8e1cbd-ff4fc5e6 200
[debug] [2026-08-03T13:20:56.463Z] <<< [apiv2][body] GET https://cloudfunctions.googleapis.com/v2/projects/entrenando-8a141/locations/us-central1/operations/operation-1785763236867-658246762ecc9-4a8e1cbd-ff4fc5e6 {"name":"projects/entrenando-8a141/locations/us-central1/operations/operation-1785763236867-658246762ecc9-4a8e1cbd-ff4fc5e6","metadata":{"@type":"type.googleapis.com/google.cloud.functions.v2.OperationMetadata","createTime":"2026-08-03T13:20:40.150230381Z","target":"projects/entrenando-8a141/locations/us-central1/functions/ia","verb":"create","cancelRequested":false,"apiVersion":"v2","requestResource":{"@type":"type.googleapis.com/google.cloud.functions.v2.Function","name":"projects/entrenando-8a141/locations/us-central1/functions/ia","buildConfig":{"runtime":"nodejs20","entryPoint":"ia","source":{"storageSource":{"bucket":"gcf-v2-sources-872343715857-us-central1","object":"ia/function-source.zip","generation":"1785763239113563"}},"environmentVariables":{"GOOGLE_NODE_RUN_SCRIPTS":""},"serviceAccount":"projects/entrenando-8a141/serviceAccounts/872343715857-compute@developer.gserviceaccount.com","automaticUpdatePolicy":{}},"serviceConfig":{"service":"projects/entrenando-8a141/locations/us-central1/services/ia","timeoutSeconds":60,"environmentVariables":{"FIREBASE_CONFIG":"{\"projectId\":\"entrenando-8a141\",\"storageBucket\":\"entrenando-8a141.firebasestorage.app\"}","GCLOUD_PROJECT":"entrenando-8a141","EVENTARC_CLOUD_EVENT_SOURCE":"projects/entrenando-8a141/locations/us-central1/services/ia","FUNCTION_REGION":"us-central1","FUNCTION_TARGET":"ia","LOG_EXECUTION_ID":"true"},"ingressSettings":"ALLOW_ALL","serviceAccountEmail":"872343715857-compute@developer.gserviceaccount.com","availableMemory":"256Mi","secretEnvironmentVariables":[{"key":"GEMINI_API_KEY","projectId":"entrenando-8a141","secret":"GEMINI_API_KEY","version":"2"}],"maxInstanceRequestConcurrency":80,"availableCpu":"1"},"labels":{"deployment-tool":"cli-firebase","firebase-functions-hash":"7c53c0b247e7191dcbe99690d497223815d49196"},"environment":"GEN_2"},"stages":[{"name":"BUILD","message":"Build in progress","state":"IN_PROGRESS","resource":"projects/872343715857/locations/us-central1/builds/6882feb3-1e51-40d5-8068-69040a65226c","resourceUri":"https://console.cloud.google.com/cloud-build/builds;region=us-central1/6882feb3-1e51-40d5-8068-69040a65226c?project=872343715857"},{"name":"SERVICE","state":"NOT_STARTED"}],"operationType":"CREATE_FUNCTION","buildName":"projects/872343715857/locations/us-central1/builds/6882feb3-1e51-40d5-8068-69040a65226c"},"done":false}
[debug] [2026-08-03T13:21:06.464Z] [create-default-us-central1-ia] Retrying task index 0
[debug] [2026-08-03T13:21:06.464Z] Checked if tokens are valid: true, expires at: 1785764767620
[debug] [2026-08-03T13:21:06.465Z] Checked if tokens are valid: true, expires at: 1785764767620
[debug] [2026-08-03T13:21:06.465Z] >>> [apiv2][query] GET https://cloudfunctions.googleapis.com/v2/projects/entrenando-8a141/locations/us-central1/operations/operation-1785763236867-658246762ecc9-4a8e1cbd-ff4fc5e6 [none]
[debug] [2026-08-03T13:21:06.682Z] <<< [apiv2][status] GET https://cloudfunctions.googleapis.com/v2/projects/entrenando-8a141/locations/us-central1/operations/operation-1785763236867-658246762ecc9-4a8e1cbd-ff4fc5e6 200
[debug] [2026-08-03T13:21:06.682Z] <<< [apiv2][body] GET https://cloudfunctions.googleapis.com/v2/projects/entrenando-8a141/locations/us-central1/operations/operation-1785763236867-658246762ecc9-4a8e1cbd-ff4fc5e6 {"name":"projects/entrenando-8a141/locations/us-central1/operations/operation-1785763236867-658246762ecc9-4a8e1cbd-ff4fc5e6","metadata":{"@type":"type.googleapis.com/google.cloud.functions.v2.OperationMetadata","createTime":"2026-08-03T13:20:40.150230381Z","target":"projects/entrenando-8a141/locations/us-central1/functions/ia","verb":"create","cancelRequested":false,"apiVersion":"v2","requestResource":{"@type":"type.googleapis.com/google.cloud.functions.v2.Function","name":"projects/entrenando-8a141/locations/us-central1/functions/ia","buildConfig":{"runtime":"nodejs20","entryPoint":"ia","source":{"storageSource":{"bucket":"gcf-v2-sources-872343715857-us-central1","object":"ia/function-source.zip","generation":"1785763239113563"}},"environmentVariables":{"GOOGLE_NODE_RUN_SCRIPTS":""},"serviceAccount":"projects/entrenando-8a141/serviceAccounts/872343715857-compute@developer.gserviceaccount.com","automaticUpdatePolicy":{}},"serviceConfig":{"service":"projects/entrenando-8a141/locations/us-central1/services/ia","timeoutSeconds":60,"environmentVariables":{"FIREBASE_CONFIG":"{\"projectId\":\"entrenando-8a141\",\"storageBucket\":\"entrenando-8a141.firebasestorage.app\"}","GCLOUD_PROJECT":"entrenando-8a141","EVENTARC_CLOUD_EVENT_SOURCE":"projects/entrenando-8a141/locations/us-central1/services/ia","FUNCTION_REGION":"us-central1","FUNCTION_TARGET":"ia","LOG_EXECUTION_ID":"true"},"ingressSettings":"ALLOW_ALL","serviceAccountEmail":"872343715857-compute@developer.gserviceaccount.com","availableMemory":"256Mi","secretEnvironmentVariables":[{"key":"GEMINI_API_KEY","projectId":"entrenando-8a141","secret":"GEMINI_API_KEY","version":"2"}],"maxInstanceRequestConcurrency":80,"availableCpu":"1"},"labels":{"deployment-tool":"cli-firebase","firebase-functions-hash":"7c53c0b247e7191dcbe99690d497223815d49196"},"environment":"GEN_2"},"stages":[{"name":"BUILD","message":"Build in progress","state":"IN_PROGRESS","resource":"projects/872343715857/locations/us-central1/builds/6882feb3-1e51-40d5-8068-69040a65226c","resourceUri":"https://console.cloud.google.com/cloud-build/builds;region=us-central1/6882feb3-1e51-40d5-8068-69040a65226c?project=872343715857"},{"name":"SERVICE","state":"NOT_STARTED"}],"operationType":"CREATE_FUNCTION","buildName":"projects/872343715857/locations/us-central1/builds/6882feb3-1e51-40d5-8068-69040a65226c"},"done":false}
[debug] [2026-08-03T13:21:10.722Z] <<< [apiv2][status] POST https://cloudfunctions.googleapis.com/v2/projects/entrenando-8a141/locations/southamerica-east1/functions 400
[debug] [2026-08-03T13:21:10.722Z] <<< [apiv2][body] POST https://cloudfunctions.googleapis.com/v2/projects/entrenando-8a141/locations/southamerica-east1/functions {"error":{"code":400,"message":"Validation failed for trigger projects/entrenando-8a141/locations/southamerica-east1/triggers/recalcularstats-840121: Invalid resource state for \"\": Permission denied while using the Eventarc Service Agent. If you recently started to use Eventarc, it may take a few minutes before all necessary permissions are propagated to the Service Agent. Otherwise, verify that it has Eventarc Service Agent role.","status":"FAILED_PRECONDITION"}}
[warn] ⚠  functions: Request to https://cloudfunctions.googleapis.com/v2/projects/entrenando-8a141/locations/southamerica-east1/functions?functionId=recalcularStats had HTTP Error: 400, Validation failed for trigger projects/entrenando-8a141/locations/southamerica-east1/triggers/recalcularstats-840121: Invalid resource state for "": Permission denied while using the Eventarc Service Agent. If you recently started to use Eventarc, it may take a few minutes before all necessary permissions are propagated to the Service Agent. Otherwise, verify that it has Eventarc Service Agent role. 
[warn] ⚠  functions: Since this is your first time using 2nd gen functions, we need a little bit longer to finish setting everything up. Retry the deployment in a few minutes. 
[warn] ⚠  functions:  failed to create function projects/entrenando-8a141/locations/southamerica-east1/functions/recalcularStats 
[error] Failed to create function projects/entrenando-8a141/locations/southamerica-east1/functions/recalcularStats
[debug] [2026-08-03T13:21:16.684Z] [create-default-us-central1-ia] Retrying task index 0
[debug] [2026-08-03T13:21:16.684Z] Checked if tokens are valid: true, expires at: 1785764767620
[debug] [2026-08-03T13:21:16.684Z] Checked if tokens are valid: true, expires at: 1785764767620
[debug] [2026-08-03T13:21:16.685Z] >>> [apiv2][query] GET https://cloudfunctions.googleapis.com/v2/projects/entrenando-8a141/locations/us-central1/operations/operation-1785763236867-658246762ecc9-4a8e1cbd-ff4fc5e6 [none]
[debug] [2026-08-03T13:21:16.795Z] <<< [apiv2][status] GET https://cloudfunctions.googleapis.com/v2/projects/entrenando-8a141/locations/us-central1/operations/operation-1785763236867-658246762ecc9-4a8e1cbd-ff4fc5e6 200
[debug] [2026-08-03T13:21:16.795Z] <<< [apiv2][body] GET https://cloudfunctions.googleapis.com/v2/projects/entrenando-8a141/locations/us-central1/operations/operation-1785763236867-658246762ecc9-4a8e1cbd-ff4fc5e6 {"name":"projects/entrenando-8a141/locations/us-central1/operations/operation-1785763236867-658246762ecc9-4a8e1cbd-ff4fc5e6","metadata":{"@type":"type.googleapis.com/google.cloud.functions.v2.OperationMetadata","createTime":"2026-08-03T13:20:40.150230381Z","target":"projects/entrenando-8a141/locations/us-central1/functions/ia","verb":"create","cancelRequested":false,"apiVersion":"v2","requestResource":{"@type":"type.googleapis.com/google.cloud.functions.v2.Function","name":"projects/entrenando-8a141/locations/us-central1/functions/ia","buildConfig":{"runtime":"nodejs20","entryPoint":"ia","source":{"storageSource":{"bucket":"gcf-v2-sources-872343715857-us-central1","object":"ia/function-source.zip","generation":"1785763239113563"}},"environmentVariables":{"GOOGLE_NODE_RUN_SCRIPTS":""},"serviceAccount":"projects/entrenando-8a141/serviceAccounts/872343715857-compute@developer.gserviceaccount.com","automaticUpdatePolicy":{}},"serviceConfig":{"service":"projects/entrenando-8a141/locations/us-central1/services/ia","timeoutSeconds":60,"environmentVariables":{"FIREBASE_CONFIG":"{\"projectId\":\"entrenando-8a141\",\"storageBucket\":\"entrenando-8a141.firebasestorage.app\"}","GCLOUD_PROJECT":"entrenando-8a141","EVENTARC_CLOUD_EVENT_SOURCE":"projects/entrenando-8a141/locations/us-central1/services/ia","FUNCTION_REGION":"us-central1","FUNCTION_TARGET":"ia","LOG_EXECUTION_ID":"true"},"ingressSettings":"ALLOW_ALL","serviceAccountEmail":"872343715857-compute@developer.gserviceaccount.com","availableMemory":"256Mi","secretEnvironmentVariables":[{"key":"GEMINI_API_KEY","projectId":"entrenando-8a141","secret":"GEMINI_API_KEY","version":"2"}],"maxInstanceRequestConcurrency":80,"availableCpu":"1"},"labels":{"deployment-tool":"cli-firebase","firebase-functions-hash":"7c53c0b247e7191dcbe99690d497223815d49196"},"environment":"GEN_2"},"stages":[{"name":"BUILD","message":"Build in progress","state":"IN_PROGRESS","resource":"projects/872343715857/locations/us-central1/builds/6882feb3-1e51-40d5-8068-69040a65226c","resourceUri":"https://console.cloud.google.com/cloud-build/builds;region=us-central1/6882feb3-1e51-40d5-8068-69040a65226c?project=872343715857"},{"name":"SERVICE","state":"NOT_STARTED"}],"operationType":"CREATE_FUNCTION","buildName":"projects/872343715857/locations/us-central1/builds/6882feb3-1e51-40d5-8068-69040a65226c"},"done":false}
[debug] [2026-08-03T13:21:26.801Z] [create-default-us-central1-ia] Retrying task index 0
[debug] [2026-08-03T13:21:26.802Z] Checked if tokens are valid: true, expires at: 1785764767620
[debug] [2026-08-03T13:21:26.802Z] Checked if tokens are valid: true, expires at: 1785764767620
[debug] [2026-08-03T13:21:26.802Z] >>> [apiv2][query] GET https://cloudfunctions.googleapis.com/v2/projects/entrenando-8a141/locations/us-central1/operations/operation-1785763236867-658246762ecc9-4a8e1cbd-ff4fc5e6 [none]
[debug] [2026-08-03T13:21:26.928Z] <<< [apiv2][status] GET https://cloudfunctions.googleapis.com/v2/projects/entrenando-8a141/locations/us-central1/operations/operation-1785763236867-658246762ecc9-4a8e1cbd-ff4fc5e6 200
[debug] [2026-08-03T13:21:26.928Z] <<< [apiv2][body] GET https://cloudfunctions.googleapis.com/v2/projects/entrenando-8a141/locations/us-central1/operations/operation-1785763236867-658246762ecc9-4a8e1cbd-ff4fc5e6 {"name":"projects/entrenando-8a141/locations/us-central1/operations/operation-1785763236867-658246762ecc9-4a8e1cbd-ff4fc5e6","metadata":{"@type":"type.googleapis.com/google.cloud.functions.v2.OperationMetadata","createTime":"2026-08-03T13:20:40.150230381Z","target":"projects/entrenando-8a141/locations/us-central1/functions/ia","verb":"create","cancelRequested":false,"apiVersion":"v2","requestResource":{"@type":"type.googleapis.com/google.cloud.functions.v2.Function","name":"projects/entrenando-8a141/locations/us-central1/functions/ia","buildConfig":{"runtime":"nodejs20","entryPoint":"ia","source":{"storageSource":{"bucket":"gcf-v2-sources-872343715857-us-central1","object":"ia/function-source.zip","generation":"1785763239113563"}},"environmentVariables":{"GOOGLE_NODE_RUN_SCRIPTS":""},"serviceAccount":"projects/entrenando-8a141/serviceAccounts/872343715857-compute@developer.gserviceaccount.com","automaticUpdatePolicy":{}},"serviceConfig":{"service":"projects/entrenando-8a141/locations/us-central1/services/ia","timeoutSeconds":60,"environmentVariables":{"FIREBASE_CONFIG":"{\"projectId\":\"entrenando-8a141\",\"storageBucket\":\"entrenando-8a141.firebasestorage.app\"}","GCLOUD_PROJECT":"entrenando-8a141","EVENTARC_CLOUD_EVENT_SOURCE":"projects/entrenando-8a141/locations/us-central1/services/ia","FUNCTION_REGION":"us-central1","FUNCTION_TARGET":"ia","LOG_EXECUTION_ID":"true"},"ingressSettings":"ALLOW_ALL","serviceAccountEmail":"872343715857-compute@developer.gserviceaccount.com","availableMemory":"256Mi","secretEnvironmentVariables":[{"key":"GEMINI_API_KEY","projectId":"entrenando-8a141","secret":"GEMINI_API_KEY","version":"2"}],"maxInstanceRequestConcurrency":80,"availableCpu":"1"},"labels":{"deployment-tool":"cli-firebase","firebase-functions-hash":"7c53c0b247e7191dcbe99690d497223815d49196"},"environment":"GEN_2"},"stages":[{"name":"BUILD","message":"Build in progress","state":"IN_PROGRESS","resource":"projects/872343715857/locations/us-central1/builds/6882feb3-1e51-40d5-8068-69040a65226c","resourceUri":"https://console.cloud.google.com/cloud-build/builds;region=us-central1/6882feb3-1e51-40d5-8068-69040a65226c?project=872343715857"},{"name":"SERVICE","state":"NOT_STARTED"}],"operationType":"CREATE_FUNCTION","buildName":"projects/872343715857/locations/us-central1/builds/6882feb3-1e51-40d5-8068-69040a65226c"},"done":false}
[debug] [2026-08-03T13:21:36.934Z] [create-default-us-central1-ia] Retrying task index 0
[debug] [2026-08-03T13:21:36.934Z] Checked if tokens are valid: true, expires at: 1785764767620
[debug] [2026-08-03T13:21:36.934Z] Checked if tokens are valid: true, expires at: 1785764767620
[debug] [2026-08-03T13:21:36.935Z] >>> [apiv2][query] GET https://cloudfunctions.googleapis.com/v2/projects/entrenando-8a141/locations/us-central1/operations/operation-1785763236867-658246762ecc9-4a8e1cbd-ff4fc5e6 [none]
[debug] [2026-08-03T13:21:37.164Z] <<< [apiv2][status] GET https://cloudfunctions.googleapis.com/v2/projects/entrenando-8a141/locations/us-central1/operations/operation-1785763236867-658246762ecc9-4a8e1cbd-ff4fc5e6 200
[debug] [2026-08-03T13:21:37.164Z] <<< [apiv2][body] GET https://cloudfunctions.googleapis.com/v2/projects/entrenando-8a141/locations/us-central1/operations/operation-1785763236867-658246762ecc9-4a8e1cbd-ff4fc5e6 {"name":"projects/entrenando-8a141/locations/us-central1/operations/operation-1785763236867-658246762ecc9-4a8e1cbd-ff4fc5e6","metadata":{"@type":"type.googleapis.com/google.cloud.functions.v2.OperationMetadata","createTime":"2026-08-03T13:20:40.150230381Z","target":"projects/entrenando-8a141/locations/us-central1/functions/ia","verb":"create","cancelRequested":false,"apiVersion":"v2","requestResource":{"@type":"type.googleapis.com/google.cloud.functions.v2.Function","name":"projects/entrenando-8a141/locations/us-central1/functions/ia","buildConfig":{"runtime":"nodejs20","entryPoint":"ia","source":{"storageSource":{"bucket":"gcf-v2-sources-872343715857-us-central1","object":"ia/function-source.zip","generation":"1785763239113563"}},"environmentVariables":{"GOOGLE_NODE_RUN_SCRIPTS":""},"serviceAccount":"projects/entrenando-8a141/serviceAccounts/872343715857-compute@developer.gserviceaccount.com","automaticUpdatePolicy":{}},"serviceConfig":{"service":"projects/entrenando-8a141/locations/us-central1/services/ia","timeoutSeconds":60,"environmentVariables":{"FIREBASE_CONFIG":"{\"projectId\":\"entrenando-8a141\",\"storageBucket\":\"entrenando-8a141.firebasestorage.app\"}","GCLOUD_PROJECT":"entrenando-8a141","EVENTARC_CLOUD_EVENT_SOURCE":"projects/entrenando-8a141/locations/us-central1/services/ia","FUNCTION_REGION":"us-central1","FUNCTION_TARGET":"ia","LOG_EXECUTION_ID":"true"},"ingressSettings":"ALLOW_ALL","serviceAccountEmail":"872343715857-compute@developer.gserviceaccount.com","availableMemory":"256Mi","secretEnvironmentVariables":[{"key":"GEMINI_API_KEY","projectId":"entrenando-8a141","secret":"GEMINI_API_KEY","version":"2"}],"maxInstanceRequestConcurrency":80,"availableCpu":"1"},"labels":{"deployment-tool":"cli-firebase","firebase-functions-hash":"7c53c0b247e7191dcbe99690d497223815d49196"},"environment":"GEN_2"},"stages":[{"name":"BUILD","message":"Build finished","state":"COMPLETE","resource":"projects/872343715857/locations/us-central1/builds/6882feb3-1e51-40d5-8068-69040a65226c","resourceUri":"https://console.cloud.google.com/cloud-build/builds;region=us-central1/6882feb3-1e51-40d5-8068-69040a65226c?project=872343715857"},{"name":"SERVICE","message":"Creating Cloud Run service","state":"IN_PROGRESS","resource":"projects/entrenando-8a141/locations/us-central1/services/ia","resourceUri":"https://console.cloud.google.com/run/detail/us-central1/ia?project=entrenando-8a141"}],"sourceToken":"Cldwcm9qZWN0cy84NzIzNDM3MTU4NTcvbG9jYXRpb25zL3VzLWNlbnRyYWwxL2J1aWxkcy82ODgyZmViMy0xZTUxLTQwZDUtODA2OC02OTA0MGE2NTIyNmMSZ3VzLWNlbnRyYWwxLWRvY2tlci5wa2cuZGV2L2VudHJlbmFuZG8tOGExNDEvZ2NmLWFydGlmYWN0cy9lbnRyZW5hbmRvLS04YTE0MV9fdXMtLWNlbnRyYWwxX19pYTp2ZXJzaW9uXzEYkYDz3bEZIjxwcm9qZWN0cy9lbnRyZW5hbmRvLThhMTQxL2xvY2F0aW9ucy91cy1jZW50cmFsMS9mdW5jdGlvbnMvaWEqDAjgq8LTBhCIwrG9ATIIbm9kZWpzMjA6dgojZ2NyLmlvL2dhZS1ydW50aW1lcy9ub2RlanMyMDpzdGFibGUST3VzLWNlbnRyYWwxLWRvY2tlci5wa2cuZGV2L3NlcnZlcmxlc3MtcnVudGltZXMvZ29vZ2xlLTIyLWZ1bGwvcnVudGltZXMvbm9kZWpzMjBAAQ==","operationType":"CREATE_FUNCTION","buildName":"projects/872343715857/locations/us-central1/builds/6882feb3-1e51-40d5-8068-69040a65226c"},"done":false}
[debug] [2026-08-03T13:21:37.164Z] Got source token Cldwcm9qZWN0cy84NzIzNDM3MTU4NTcvbG9jYXRpb25zL3VzLWNlbnRyYWwxL2J1aWxkcy82ODgyZmViMy0xZTUxLTQwZDUtODA2OC02OTA0MGE2NTIyNmMSZ3VzLWNlbnRyYWwxLWRvY2tlci5wa2cuZGV2L2VudHJlbmFuZG8tOGExNDEvZ2NmLWFydGlmYWN0cy9lbnRyZW5hbmRvLS04YTE0MV9fdXMtLWNlbnRyYWwxX19pYTp2ZXJzaW9uXzEYkYDz3bEZIjxwcm9qZWN0cy9lbnRyZW5hbmRvLThhMTQxL2xvY2F0aW9ucy91cy1jZW50cmFsMS9mdW5jdGlvbnMvaWEqDAjgq8LTBhCIwrG9ATIIbm9kZWpzMjA6dgojZ2NyLmlvL2dhZS1ydW50aW1lcy9ub2RlanMyMDpzdGFibGUST3VzLWNlbnRyYWwxLWRvY2tlci5wa2cuZGV2L3NlcnZlcmxlc3MtcnVudGltZXMvZ29vZ2xlLTIyLWZ1bGwvcnVudGltZXMvbm9kZWpzMjBAAQ== for region us-central1
[debug] [2026-08-03T13:21:47.170Z] [create-default-us-central1-ia] Retrying task index 0
[debug] [2026-08-03T13:21:47.171Z] Checked if tokens are valid: true, expires at: 1785764767620
[debug] [2026-08-03T13:21:47.171Z] Checked if tokens are valid: true, expires at: 1785764767620
[debug] [2026-08-03T13:21:47.171Z] >>> [apiv2][query] GET https://cloudfunctions.googleapis.com/v2/projects/entrenando-8a141/locations/us-central1/operations/operation-1785763236867-658246762ecc9-4a8e1cbd-ff4fc5e6 [none]
[debug] [2026-08-03T13:21:47.291Z] <<< [apiv2][status] GET https://cloudfunctions.googleapis.com/v2/projects/entrenando-8a141/locations/us-central1/operations/operation-1785763236867-658246762ecc9-4a8e1cbd-ff4fc5e6 200
[debug] [2026-08-03T13:21:47.291Z] <<< [apiv2][body] GET https://cloudfunctions.googleapis.com/v2/projects/entrenando-8a141/locations/us-central1/operations/operation-1785763236867-658246762ecc9-4a8e1cbd-ff4fc5e6 {"name":"projects/entrenando-8a141/locations/us-central1/operations/operation-1785763236867-658246762ecc9-4a8e1cbd-ff4fc5e6","metadata":{"@type":"type.googleapis.com/google.cloud.functions.v2.OperationMetadata","createTime":"2026-08-03T13:20:40.150230381Z","target":"projects/entrenando-8a141/locations/us-central1/functions/ia","verb":"create","cancelRequested":false,"apiVersion":"v2","requestResource":{"@type":"type.googleapis.com/google.cloud.functions.v2.Function","name":"projects/entrenando-8a141/locations/us-central1/functions/ia","buildConfig":{"runtime":"nodejs20","entryPoint":"ia","source":{"storageSource":{"bucket":"gcf-v2-sources-872343715857-us-central1","object":"ia/function-source.zip","generation":"1785763239113563"}},"environmentVariables":{"GOOGLE_NODE_RUN_SCRIPTS":""},"serviceAccount":"projects/entrenando-8a141/serviceAccounts/872343715857-compute@developer.gserviceaccount.com","automaticUpdatePolicy":{}},"serviceConfig":{"service":"projects/entrenando-8a141/locations/us-central1/services/ia","timeoutSeconds":60,"environmentVariables":{"FIREBASE_CONFIG":"{\"projectId\":\"entrenando-8a141\",\"storageBucket\":\"entrenando-8a141.firebasestorage.app\"}","GCLOUD_PROJECT":"entrenando-8a141","EVENTARC_CLOUD_EVENT_SOURCE":"projects/entrenando-8a141/locations/us-central1/services/ia","FUNCTION_REGION":"us-central1","FUNCTION_TARGET":"ia","LOG_EXECUTION_ID":"true"},"ingressSettings":"ALLOW_ALL","serviceAccountEmail":"872343715857-compute@developer.gserviceaccount.com","availableMemory":"256Mi","secretEnvironmentVariables":[{"key":"GEMINI_API_KEY","projectId":"entrenando-8a141","secret":"GEMINI_API_KEY","version":"2"}],"maxInstanceRequestConcurrency":80,"availableCpu":"1"},"labels":{"deployment-tool":"cli-firebase","firebase-functions-hash":"7c53c0b247e7191dcbe99690d497223815d49196"},"environment":"GEN_2"},"stages":[{"name":"BUILD","message":"Build finished","state":"COMPLETE","resource":"projects/872343715857/locations/us-central1/builds/6882feb3-1e51-40d5-8068-69040a65226c","resourceUri":"https://console.cloud.google.com/cloud-build/builds;region=us-central1/6882feb3-1e51-40d5-8068-69040a65226c?project=872343715857"},{"name":"SERVICE","message":"Creating Cloud Run service","state":"IN_PROGRESS","resource":"projects/entrenando-8a141/locations/us-central1/services/ia","resourceUri":"https://console.cloud.google.com/run/detail/us-central1/ia?project=entrenando-8a141"}],"sourceToken":"Cldwcm9qZWN0cy84NzIzNDM3MTU4NTcvbG9jYXRpb25zL3VzLWNlbnRyYWwxL2J1aWxkcy82ODgyZmViMy0xZTUxLTQwZDUtODA2OC02OTA0MGE2NTIyNmMSZ3VzLWNlbnRyYWwxLWRvY2tlci5wa2cuZGV2L2VudHJlbmFuZG8tOGExNDEvZ2NmLWFydGlmYWN0cy9lbnRyZW5hbmRvLS04YTE0MV9fdXMtLWNlbnRyYWwxX19pYTp2ZXJzaW9uXzEYkYDz3bEZIjxwcm9qZWN0cy9lbnRyZW5hbmRvLThhMTQxL2xvY2F0aW9ucy91cy1jZW50cmFsMS9mdW5jdGlvbnMvaWEqDAjgq8LTBhCIwrG9ATIIbm9kZWpzMjA6dgojZ2NyLmlvL2dhZS1ydW50aW1lcy9ub2RlanMyMDpzdGFibGUST3VzLWNlbnRyYWwxLWRvY2tlci5wa2cuZGV2L3NlcnZlcmxlc3MtcnVudGltZXMvZ29vZ2xlLTIyLWZ1bGwvcnVudGltZXMvbm9kZWpzMjBAAQ==","operationType":"CREATE_FUNCTION","buildName":"projects/872343715857/locations/us-central1/builds/6882feb3-1e51-40d5-8068-69040a65226c"},"done":false}
[debug] [2026-08-03T13:21:47.291Z] Got source token Cldwcm9qZWN0cy84NzIzNDM3MTU4NTcvbG9jYXRpb25zL3VzLWNlbnRyYWwxL2J1aWxkcy82ODgyZmViMy0xZTUxLTQwZDUtODA2OC02OTA0MGE2NTIyNmMSZ3VzLWNlbnRyYWwxLWRvY2tlci5wa2cuZGV2L2VudHJlbmFuZG8tOGExNDEvZ2NmLWFydGlmYWN0cy9lbnRyZW5hbmRvLS04YTE0MV9fdXMtLWNlbnRyYWwxX19pYTp2ZXJzaW9uXzEYkYDz3bEZIjxwcm9qZWN0cy9lbnRyZW5hbmRvLThhMTQxL2xvY2F0aW9ucy91cy1jZW50cmFsMS9mdW5jdGlvbnMvaWEqDAjgq8LTBhCIwrG9ATIIbm9kZWpzMjA6dgojZ2NyLmlvL2dhZS1ydW50aW1lcy9ub2RlanMyMDpzdGFibGUST3VzLWNlbnRyYWwxLWRvY2tlci5wa2cuZGV2L3NlcnZlcmxlc3MtcnVudGltZXMvZ29vZ2xlLTIyLWZ1bGwvcnVudGltZXMvbm9kZWpzMjBAAQ== for region us-central1
[debug] [2026-08-03T13:21:57.293Z] [create-default-us-central1-ia] Retrying task index 0
[debug] [2026-08-03T13:21:57.293Z] Checked if tokens are valid: true, expires at: 1785764767620
[debug] [2026-08-03T13:21:57.293Z] Checked if tokens are valid: true, expires at: 1785764767620
[debug] [2026-08-03T13:21:57.293Z] >>> [apiv2][query] GET https://cloudfunctions.googleapis.com/v2/projects/entrenando-8a141/locations/us-central1/operations/operation-1785763236867-658246762ecc9-4a8e1cbd-ff4fc5e6 [none]
[debug] [2026-08-03T13:21:57.409Z] <<< [apiv2][status] GET https://cloudfunctions.googleapis.com/v2/projects/entrenando-8a141/locations/us-central1/operations/operation-1785763236867-658246762ecc9-4a8e1cbd-ff4fc5e6 200
[debug] [2026-08-03T13:21:57.409Z] <<< [apiv2][body] GET https://cloudfunctions.googleapis.com/v2/projects/entrenando-8a141/locations/us-central1/operations/operation-1785763236867-658246762ecc9-4a8e1cbd-ff4fc5e6 {"name":"projects/entrenando-8a141/locations/us-central1/operations/operation-1785763236867-658246762ecc9-4a8e1cbd-ff4fc5e6","metadata":{"@type":"type.googleapis.com/google.cloud.functions.v2.OperationMetadata","createTime":"2026-08-03T13:20:40.150230381Z","target":"projects/entrenando-8a141/locations/us-central1/functions/ia","verb":"create","cancelRequested":false,"apiVersion":"v2","requestResource":{"@type":"type.googleapis.com/google.cloud.functions.v2.Function","name":"projects/entrenando-8a141/locations/us-central1/functions/ia","buildConfig":{"runtime":"nodejs20","entryPoint":"ia","source":{"storageSource":{"bucket":"gcf-v2-sources-872343715857-us-central1","object":"ia/function-source.zip","generation":"1785763239113563"}},"environmentVariables":{"GOOGLE_NODE_RUN_SCRIPTS":""},"serviceAccount":"projects/entrenando-8a141/serviceAccounts/872343715857-compute@developer.gserviceaccount.com","automaticUpdatePolicy":{}},"serviceConfig":{"service":"projects/entrenando-8a141/locations/us-central1/services/ia","timeoutSeconds":60,"environmentVariables":{"FIREBASE_CONFIG":"{\"projectId\":\"entrenando-8a141\",\"storageBucket\":\"entrenando-8a141.firebasestorage.app\"}","GCLOUD_PROJECT":"entrenando-8a141","EVENTARC_CLOUD_EVENT_SOURCE":"projects/entrenando-8a141/locations/us-central1/services/ia","FUNCTION_REGION":"us-central1","FUNCTION_TARGET":"ia","LOG_EXECUTION_ID":"true"},"ingressSettings":"ALLOW_ALL","serviceAccountEmail":"872343715857-compute@developer.gserviceaccount.com","availableMemory":"256Mi","secretEnvironmentVariables":[{"key":"GEMINI_API_KEY","projectId":"entrenando-8a141","secret":"GEMINI_API_KEY","version":"2"}],"maxInstanceRequestConcurrency":80,"availableCpu":"1"},"labels":{"deployment-tool":"cli-firebase","firebase-functions-hash":"7c53c0b247e7191dcbe99690d497223815d49196"},"environment":"GEN_2"},"stages":[{"name":"BUILD","message":"Build finished","state":"COMPLETE","resource":"projects/872343715857/locations/us-central1/builds/6882feb3-1e51-40d5-8068-69040a65226c","resourceUri":"https://console.cloud.google.com/cloud-build/builds;region=us-central1/6882feb3-1e51-40d5-8068-69040a65226c?project=872343715857"},{"name":"SERVICE","message":"Creating Cloud Run service","state":"IN_PROGRESS","resource":"projects/entrenando-8a141/locations/us-central1/services/ia","resourceUri":"https://console.cloud.google.com/run/detail/us-central1/ia?project=entrenando-8a141"}],"sourceToken":"Cldwcm9qZWN0cy84NzIzNDM3MTU4NTcvbG9jYXRpb25zL3VzLWNlbnRyYWwxL2J1aWxkcy82ODgyZmViMy0xZTUxLTQwZDUtODA2OC02OTA0MGE2NTIyNmMSZ3VzLWNlbnRyYWwxLWRvY2tlci5wa2cuZGV2L2VudHJlbmFuZG8tOGExNDEvZ2NmLWFydGlmYWN0cy9lbnRyZW5hbmRvLS04YTE0MV9fdXMtLWNlbnRyYWwxX19pYTp2ZXJzaW9uXzEYkYDz3bEZIjxwcm9qZWN0cy9lbnRyZW5hbmRvLThhMTQxL2xvY2F0aW9ucy91cy1jZW50cmFsMS9mdW5jdGlvbnMvaWEqDAjgq8LTBhCIwrG9ATIIbm9kZWpzMjA6dgojZ2NyLmlvL2dhZS1ydW50aW1lcy9ub2RlanMyMDpzdGFibGUST3VzLWNlbnRyYWwxLWRvY2tlci5wa2cuZGV2L3NlcnZlcmxlc3MtcnVudGltZXMvZ29vZ2xlLTIyLWZ1bGwvcnVudGltZXMvbm9kZWpzMjBAAQ==","operationType":"CREATE_FUNCTION","buildName":"projects/872343715857/locations/us-central1/builds/6882feb3-1e51-40d5-8068-69040a65226c"},"done":false}
[debug] [2026-08-03T13:21:57.409Z] Got source token Cldwcm9qZWN0cy84NzIzNDM3MTU4NTcvbG9jYXRpb25zL3VzLWNlbnRyYWwxL2J1aWxkcy82ODgyZmViMy0xZTUxLTQwZDUtODA2OC02OTA0MGE2NTIyNmMSZ3VzLWNlbnRyYWwxLWRvY2tlci5wa2cuZGV2L2VudHJlbmFuZG8tOGExNDEvZ2NmLWFydGlmYWN0cy9lbnRyZW5hbmRvLS04YTE0MV9fdXMtLWNlbnRyYWwxX19pYTp2ZXJzaW9uXzEYkYDz3bEZIjxwcm9qZWN0cy9lbnRyZW5hbmRvLThhMTQxL2xvY2F0aW9ucy91cy1jZW50cmFsMS9mdW5jdGlvbnMvaWEqDAjgq8LTBhCIwrG9ATIIbm9kZWpzMjA6dgojZ2NyLmlvL2dhZS1ydW50aW1lcy9ub2RlanMyMDpzdGFibGUST3VzLWNlbnRyYWwxLWRvY2tlci5wa2cuZGV2L3NlcnZlcmxlc3MtcnVudGltZXMvZ29vZ2xlLTIyLWZ1bGwvcnVudGltZXMvbm9kZWpzMjBAAQ== for region us-central1
[debug] [2026-08-03T13:22:07.416Z] [create-default-us-central1-ia] Retrying task index 0
[debug] [2026-08-03T13:22:07.416Z] Checked if tokens are valid: true, expires at: 1785764767620
[debug] [2026-08-03T13:22:07.416Z] Checked if tokens are valid: true, expires at: 1785764767620
[debug] [2026-08-03T13:22:07.416Z] >>> [apiv2][query] GET https://cloudfunctions.googleapis.com/v2/projects/entrenando-8a141/locations/us-central1/operations/operation-1785763236867-658246762ecc9-4a8e1cbd-ff4fc5e6 [none]
[debug] [2026-08-03T13:22:07.512Z] <<< [apiv2][status] GET https://cloudfunctions.googleapis.com/v2/projects/entrenando-8a141/locations/us-central1/operations/operation-1785763236867-658246762ecc9-4a8e1cbd-ff4fc5e6 200
[debug] [2026-08-03T13:22:07.512Z] <<< [apiv2][body] GET https://cloudfunctions.googleapis.com/v2/projects/entrenando-8a141/locations/us-central1/operations/operation-1785763236867-658246762ecc9-4a8e1cbd-ff4fc5e6 {"name":"projects/entrenando-8a141/locations/us-central1/operations/operation-1785763236867-658246762ecc9-4a8e1cbd-ff4fc5e6","metadata":{"@type":"type.googleapis.com/google.cloud.functions.v2.OperationMetadata","createTime":"2026-08-03T13:20:40.150230381Z","target":"projects/entrenando-8a141/locations/us-central1/functions/ia","verb":"create","cancelRequested":false,"apiVersion":"v2","requestResource":{"@type":"type.googleapis.com/google.cloud.functions.v2.Function","name":"projects/entrenando-8a141/locations/us-central1/functions/ia","buildConfig":{"runtime":"nodejs20","entryPoint":"ia","source":{"storageSource":{"bucket":"gcf-v2-sources-872343715857-us-central1","object":"ia/function-source.zip","generation":"1785763239113563"}},"environmentVariables":{"GOOGLE_NODE_RUN_SCRIPTS":""},"serviceAccount":"projects/entrenando-8a141/serviceAccounts/872343715857-compute@developer.gserviceaccount.com","automaticUpdatePolicy":{}},"serviceConfig":{"service":"projects/entrenando-8a141/locations/us-central1/services/ia","timeoutSeconds":60,"environmentVariables":{"FIREBASE_CONFIG":"{\"projectId\":\"entrenando-8a141\",\"storageBucket\":\"entrenando-8a141.firebasestorage.app\"}","GCLOUD_PROJECT":"entrenando-8a141","EVENTARC_CLOUD_EVENT_SOURCE":"projects/entrenando-8a141/locations/us-central1/services/ia","FUNCTION_REGION":"us-central1","FUNCTION_TARGET":"ia","LOG_EXECUTION_ID":"true"},"ingressSettings":"ALLOW_ALL","serviceAccountEmail":"872343715857-compute@developer.gserviceaccount.com","availableMemory":"256Mi","secretEnvironmentVariables":[{"key":"GEMINI_API_KEY","projectId":"entrenando-8a141","secret":"GEMINI_API_KEY","version":"2"}],"maxInstanceRequestConcurrency":80,"availableCpu":"1"},"labels":{"deployment-tool":"cli-firebase","firebase-functions-hash":"7c53c0b247e7191dcbe99690d497223815d49196"},"environment":"GEN_2"},"stages":[{"name":"BUILD","message":"Build finished","state":"COMPLETE","resource":"projects/872343715857/locations/us-central1/builds/6882feb3-1e51-40d5-8068-69040a65226c","resourceUri":"https://console.cloud.google.com/cloud-build/builds;region=us-central1/6882feb3-1e51-40d5-8068-69040a65226c?project=872343715857"},{"name":"SERVICE","message":"Creating Cloud Run service","state":"IN_PROGRESS","resource":"projects/entrenando-8a141/locations/us-central1/services/ia","resourceUri":"https://console.cloud.google.com/run/detail/us-central1/ia?project=entrenando-8a141"}],"sourceToken":"Cldwcm9qZWN0cy84NzIzNDM3MTU4NTcvbG9jYXRpb25zL3VzLWNlbnRyYWwxL2J1aWxkcy82ODgyZmViMy0xZTUxLTQwZDUtODA2OC02OTA0MGE2NTIyNmMSZ3VzLWNlbnRyYWwxLWRvY2tlci5wa2cuZGV2L2VudHJlbmFuZG8tOGExNDEvZ2NmLWFydGlmYWN0cy9lbnRyZW5hbmRvLS04YTE0MV9fdXMtLWNlbnRyYWwxX19pYTp2ZXJzaW9uXzEYkYDz3bEZIjxwcm9qZWN0cy9lbnRyZW5hbmRvLThhMTQxL2xvY2F0aW9ucy91cy1jZW50cmFsMS9mdW5jdGlvbnMvaWEqDAjgq8LTBhCIwrG9ATIIbm9kZWpzMjA6dgojZ2NyLmlvL2dhZS1ydW50aW1lcy9ub2RlanMyMDpzdGFibGUST3VzLWNlbnRyYWwxLWRvY2tlci5wa2cuZGV2L3NlcnZlcmxlc3MtcnVudGltZXMvZ29vZ2xlLTIyLWZ1bGwvcnVudGltZXMvbm9kZWpzMjBAAQ==","operationType":"CREATE_FUNCTION","buildName":"projects/872343715857/locations/us-central1/builds/6882feb3-1e51-40d5-8068-69040a65226c"},"done":false}
[debug] [2026-08-03T13:22:07.512Z] Got source token Cldwcm9qZWN0cy84NzIzNDM3MTU4NTcvbG9jYXRpb25zL3VzLWNlbnRyYWwxL2J1aWxkcy82ODgyZmViMy0xZTUxLTQwZDUtODA2OC02OTA0MGE2NTIyNmMSZ3VzLWNlbnRyYWwxLWRvY2tlci5wa2cuZGV2L2VudHJlbmFuZG8tOGExNDEvZ2NmLWFydGlmYWN0cy9lbnRyZW5hbmRvLS04YTE0MV9fdXMtLWNlbnRyYWwxX19pYTp2ZXJzaW9uXzEYkYDz3bEZIjxwcm9qZWN0cy9lbnRyZW5hbmRvLThhMTQxL2xvY2F0aW9ucy91cy1jZW50cmFsMS9mdW5jdGlvbnMvaWEqDAjgq8LTBhCIwrG9ATIIbm9kZWpzMjA6dgojZ2NyLmlvL2dhZS1ydW50aW1lcy9ub2RlanMyMDpzdGFibGUST3VzLWNlbnRyYWwxLWRvY2tlci5wa2cuZGV2L3NlcnZlcmxlc3MtcnVudGltZXMvZ29vZ2xlLTIyLWZ1bGwvcnVudGltZXMvbm9kZWpzMjBAAQ== for region us-central1
[debug] [2026-08-03T13:22:17.518Z] [create-default-us-central1-ia] Retrying task index 0
[debug] [2026-08-03T13:22:17.519Z] Checked if tokens are valid: true, expires at: 1785764767620
[debug] [2026-08-03T13:22:17.519Z] Checked if tokens are valid: true, expires at: 1785764767620
[debug] [2026-08-03T13:22:17.519Z] >>> [apiv2][query] GET https://cloudfunctions.googleapis.com/v2/projects/entrenando-8a141/locations/us-central1/operations/operation-1785763236867-658246762ecc9-4a8e1cbd-ff4fc5e6 [none]
[debug] [2026-08-03T13:22:17.745Z] <<< [apiv2][status] GET https://cloudfunctions.googleapis.com/v2/projects/entrenando-8a141/locations/us-central1/operations/operation-1785763236867-658246762ecc9-4a8e1cbd-ff4fc5e6 200
[debug] [2026-08-03T13:22:17.745Z] <<< [apiv2][body] GET https://cloudfunctions.googleapis.com/v2/projects/entrenando-8a141/locations/us-central1/operations/operation-1785763236867-658246762ecc9-4a8e1cbd-ff4fc5e6 {"name":"projects/entrenando-8a141/locations/us-central1/operations/operation-1785763236867-658246762ecc9-4a8e1cbd-ff4fc5e6","metadata":{"@type":"type.googleapis.com/google.cloud.functions.v2.OperationMetadata","createTime":"2026-08-03T13:20:40.150230381Z","endTime":"2026-08-03T13:22:08.451771082Z","target":"projects/entrenando-8a141/locations/us-central1/functions/ia","verb":"create","cancelRequested":false,"apiVersion":"v2","requestResource":{"@type":"type.googleapis.com/google.cloud.functions.v2.Function","name":"projects/entrenando-8a141/locations/us-central1/functions/ia","buildConfig":{"runtime":"nodejs20","entryPoint":"ia","source":{"storageSource":{"bucket":"gcf-v2-sources-872343715857-us-central1","object":"ia/function-source.zip","generation":"1785763239113563"}},"environmentVariables":{"GOOGLE_NODE_RUN_SCRIPTS":""},"serviceAccount":"projects/entrenando-8a141/serviceAccounts/872343715857-compute@developer.gserviceaccount.com","automaticUpdatePolicy":{}},"serviceConfig":{"service":"projects/entrenando-8a141/locations/us-central1/services/ia","timeoutSeconds":60,"environmentVariables":{"FIREBASE_CONFIG":"{\"projectId\":\"entrenando-8a141\",\"storageBucket\":\"entrenando-8a141.firebasestorage.app\"}","GCLOUD_PROJECT":"entrenando-8a141","EVENTARC_CLOUD_EVENT_SOURCE":"projects/entrenando-8a141/locations/us-central1/services/ia","FUNCTION_REGION":"us-central1","FUNCTION_TARGET":"ia","LOG_EXECUTION_ID":"true"},"ingressSettings":"ALLOW_ALL","serviceAccountEmail":"872343715857-compute@developer.gserviceaccount.com","availableMemory":"256Mi","secretEnvironmentVariables":[{"key":"GEMINI_API_KEY","projectId":"entrenando-8a141","secret":"GEMINI_API_KEY","version":"2"}],"maxInstanceRequestConcurrency":80,"availableCpu":"1"},"labels":{"deployment-tool":"cli-firebase","firebase-functions-hash":"7c53c0b247e7191dcbe99690d497223815d49196"},"environment":"GEN_2"},"stages":[{"name":"BUILD","message":"Build finished","state":"COMPLETE","resource":"projects/872343715857/locations/us-central1/builds/6882feb3-1e51-40d5-8068-69040a65226c","resourceUri":"https://console.cloud.google.com/cloud-build/builds;region=us-central1/6882feb3-1e51-40d5-8068-69040a65226c?project=872343715857"},{"name":"SERVICE","message":"Creating Cloud Run service","state":"COMPLETE","resource":"projects/entrenando-8a141/locations/us-central1/services/ia","resourceUri":"https://console.cloud.google.com/run/detail/us-central1/ia?project=entrenando-8a141"}],"sourceToken":"Cldwcm9qZWN0cy84NzIzNDM3MTU4NTcvbG9jYXRpb25zL3VzLWNlbnRyYWwxL2J1aWxkcy82ODgyZmViMy0xZTUxLTQwZDUtODA2OC02OTA0MGE2NTIyNmMSZ3VzLWNlbnRyYWwxLWRvY2tlci5wa2cuZGV2L2VudHJlbmFuZG8tOGExNDEvZ2NmLWFydGlmYWN0cy9lbnRyZW5hbmRvLS04YTE0MV9fdXMtLWNlbnRyYWwxX19pYTp2ZXJzaW9uXzEYkYDz3bEZIjxwcm9qZWN0cy9lbnRyZW5hbmRvLThhMTQxL2xvY2F0aW9ucy91cy1jZW50cmFsMS9mdW5jdGlvbnMvaWEqDAjgq8LTBhCIwrG9ATIIbm9kZWpzMjA6dgojZ2NyLmlvL2dhZS1ydW50aW1lcy9ub2RlanMyMDpzdGFibGUST3VzLWNlbnRyYWwxLWRvY2tlci5wa2cuZGV2L3NlcnZlcmxlc3MtcnVudGltZXMvZ29vZ2xlLTIyLWZ1bGwvcnVudGltZXMvbm9kZWpzMjBAAQ==","operationType":"CREATE_FUNCTION","buildName":"projects/872343715857/locations/us-central1/builds/6882feb3-1e51-40d5-8068-69040a65226c"},"done":true,"response":{"@type":"type.googleapis.com/google.cloud.functions.v2.Function","name":"projects/entrenando-8a141/locations/us-central1/functions/ia","buildConfig":{"build":"projects/872343715857/locations/us-central1/builds/6882feb3-1e51-40d5-8068-69040a65226c","runtime":"nodejs20","entryPoint":"ia","source":{"storageSource":{"bucket":"gcf-v2-sources-872343715857-us-central1","object":"ia/function-source.zip","generation":"1785763239113563"}},"environmentVariables":{"GOOGLE_NODE_RUN_SCRIPTS":""},"dockerRepository":"projects/entrenando-8a141/locations/us-central1/repositories/gcf-artifacts","sourceProvenance":{"resolvedStorageSource":{"bucket":"gcf-v2-sources-872343715857-us-central1","object":"ia/function-source.zip","generation":"1785763239113563"}},"dockerRegistry":"ARTIFACT_REGISTRY","serviceAccount":"projects/entrenando-8a141/serviceAccounts/872343715857-compute@developer.gserviceaccount.com","automaticUpdatePolicy":{}},"serviceConfig":{"service":"projects/entrenando-8a141/locations/us-central1/services/ia","timeoutSeconds":60,"environmentVariables":{"FIREBASE_CONFIG":"{\"projectId\":\"entrenando-8a141\",\"storageBucket\":\"entrenando-8a141.firebasestorage.app\"}","GCLOUD_PROJECT":"entrenando-8a141","EVENTARC_CLOUD_EVENT_SOURCE":"projects/entrenando-8a141/locations/us-central1/services/ia","FUNCTION_REGION":"us-central1","FUNCTION_TARGET":"ia","LOG_EXECUTION_ID":"true"},"ingressSettings":"ALLOW_ALL","uri":"https://ia-mnloj7p4xq-uc.a.run.app","serviceAccountEmail":"872343715857-compute@developer.gserviceaccount.com","availableMemory":"256Mi","allTrafficOnLatestRevision":true,"secretEnvironmentVariables":[{"key":"GEMINI_API_KEY","projectId":"entrenando-8a141","secret":"GEMINI_API_KEY","version":"2"}],"revision":"ia-00001-jek","maxInstanceRequestConcurrency":80,"availableCpu":"1"},"state":"ACTIVE","updateTime":"2026-08-03T13:20:40.144542941Z","labels":{"firebase-functions-hash":"7c53c0b247e7191dcbe99690d497223815d49196","deployment-tool":"cli-firebase"},"environment":"GEN_2","url":"https://us-central1-entrenando-8a141.cloudfunctions.net/ia","createTime":"2026-08-03T13:20:40.144542941Z","satisfiesPzi":true}}
[debug] [2026-08-03T13:22:17.745Z] Got source token Cldwcm9qZWN0cy84NzIzNDM3MTU4NTcvbG9jYXRpb25zL3VzLWNlbnRyYWwxL2J1aWxkcy82ODgyZmViMy0xZTUxLTQwZDUtODA2OC02OTA0MGE2NTIyNmMSZ3VzLWNlbnRyYWwxLWRvY2tlci5wa2cuZGV2L2VudHJlbmFuZG8tOGExNDEvZ2NmLWFydGlmYWN0cy9lbnRyZW5hbmRvLS04YTE0MV9fdXMtLWNlbnRyYWwxX19pYTp2ZXJzaW9uXzEYkYDz3bEZIjxwcm9qZWN0cy9lbnRyZW5hbmRvLThhMTQxL2xvY2F0aW9ucy91cy1jZW50cmFsMS9mdW5jdGlvbnMvaWEqDAjgq8LTBhCIwrG9ATIIbm9kZWpzMjA6dgojZ2NyLmlvL2dhZS1ydW50aW1lcy9ub2RlanMyMDpzdGFibGUST3VzLWNlbnRyYWwxLWRvY2tlci5wa2cuZGV2L3NlcnZlcmxlc3MtcnVudGltZXMvZ29vZ2xlLTIyLWZ1bGwvcnVudGltZXMvbm9kZWpzMjBAAQ== for region us-central1
[debug] [2026-08-03T13:22:17.745Z] Checked if tokens are valid: true, expires at: 1785764767620
[debug] [2026-08-03T13:22:17.746Z] Checked if tokens are valid: true, expires at: 1785764767620
[debug] [2026-08-03T13:22:17.746Z] >>> [apiv2][query] POST https://run.googleapis.com/v1/projects/entrenando-8a141/locations/us-central1/services/ia:setIamPolicy [none]
[debug] [2026-08-03T13:22:17.746Z] >>> [apiv2][body] POST https://run.googleapis.com/v1/projects/entrenando-8a141/locations/us-central1/services/ia:setIamPolicy {"policy":{"bindings":[{"role":"roles/run.invoker","members":["allUsers"]}],"etag":"","version":3},"updateMask":"bindings,etag,version"}
[debug] [2026-08-03T13:22:18.192Z] <<< [apiv2][status] POST https://run.googleapis.com/v1/projects/entrenando-8a141/locations/us-central1/services/ia:setIamPolicy 200
[debug] [2026-08-03T13:22:18.192Z] <<< [apiv2][body] POST https://run.googleapis.com/v1/projects/entrenando-8a141/locations/us-central1/services/ia:setIamPolicy {"version":1,"etag":"BwZYJG1sZN0=","bindings":[{"role":"roles/run.invoker","members":["allUsers"]}]}
[info] ✔  functions[ia(us-central1)] Successful create operation. 
[warn] ⚠  functions: Deploys failed. Skipping deletes. 
[debug] [2026-08-03T13:22:18.193Z] Total Function Deployment time: 101528
[debug] [2026-08-03T13:22:18.193Z] 3 Functions Deployed
[debug] [2026-08-03T13:22:18.193Z] 2 Functions Errored
[debug] [2026-08-03T13:22:18.193Z] 0 Function Deployments Aborted
[debug] [2026-08-03T13:22:18.193Z] Average Function Deployment time: 51209.666666666664
[info] 
[info] Functions deploy had errors with the following functions:
	asignarRolClaim(southamerica-east1)
	recalcularStats(southamerica-east1)
[info] Function URL (ia(us-central1)): https://us-central1-entrenando-8a141.cloudfunctions.net/ia
[debug] [2026-08-03T13:22:18.195Z] Checked if tokens are valid: true, expires at: 1785764767620
[debug] [2026-08-03T13:22:18.195Z] Checked if tokens are valid: true, expires at: 1785764767620
[debug] [2026-08-03T13:22:18.195Z] Checked if tokens are valid: true, expires at: 1785764767620
[debug] [2026-08-03T13:22:18.195Z] Checked if tokens are valid: true, expires at: 1785764767620
[debug] [2026-08-03T13:22:18.195Z] >>> [apiv2][query] GET https://artifactregistry.googleapis.com/v1/projects/entrenando-8a141/locations/southamerica-east1/repositories/gcf-artifacts [none]
[debug] [2026-08-03T13:22:18.196Z] >>> [apiv2][query] GET https://artifactregistry.googleapis.com/v1/projects/entrenando-8a141/locations/us-central1/repositories/gcf-artifacts [none]
[debug] [2026-08-03T13:22:18.451Z] <<< [apiv2][status] GET https://artifactregistry.googleapis.com/v1/projects/entrenando-8a141/locations/us-central1/repositories/gcf-artifacts 200
[debug] [2026-08-03T13:22:18.451Z] <<< [apiv2][body] GET https://artifactregistry.googleapis.com/v1/projects/entrenando-8a141/locations/us-central1/repositories/gcf-artifacts {"name":"projects/entrenando-8a141/locations/us-central1/repositories/gcf-artifacts","format":"DOCKER","description":"This repository is created and used by Cloud Functions for storing function docker images.","labels":{"goog-managed-by":"cloudfunctions"},"createTime":"2026-08-03T13:20:50.615729Z","updateTime":"2026-08-03T13:21:28.375811Z","mode":"STANDARD_REPOSITORY","sizeBytes":"87891679","vulnerabilityScanningConfig":{"lastEnableTime":"2026-08-03T13:20:40.490850656Z","enablementState":"SCANNING_DISABLED","enablementStateReason":"API containerscanning.googleapis.com is not enabled."},"satisfiesPzi":true,"registryUri":"us-central1-docker.pkg.dev/entrenando-8a141/gcf-artifacts"}
[debug] [2026-08-03T13:22:19.030Z] <<< [apiv2][status] GET https://artifactregistry.googleapis.com/v1/projects/entrenando-8a141/locations/southamerica-east1/repositories/gcf-artifacts 404
[debug] [2026-08-03T13:22:19.030Z] <<< [apiv2][body] GET https://artifactregistry.googleapis.com/v1/projects/entrenando-8a141/locations/southamerica-east1/repositories/gcf-artifacts {"error":{"code":404,"message":"Requested entity was not found.","status":"NOT_FOUND"}}
[debug] [2026-08-03T13:22:19.031Z] Failed to check artifact cleanup policy for region southamerica-east1: Request to https://artifactregistry.googleapis.com/v1/projects/entrenando-8a141/locations/southamerica-east1/repositories/gcf-artifacts had HTTP Error: 404, Requested entity was not found. {"name":"FirebaseError","children":[],"context":{"body":{"error":{"code":404,"message":"Requested entity was not found.","status":"NOT_FOUND"}},"response":{"statusCode":404}},"exit":1,"message":"Request to https://artifactregistry.googleapis.com/v1/projects/entrenando-8a141/locations/southamerica-east1/repositories/gcf-artifacts had HTTP Error: 404, Requested entity was not found.","status":404}
[warn] ⚠  functions: No cleanup policy detected for repositories in us-central1. This may result in a small monthly bill as container images accumulate over time. 
[info] i  functions: Configuring cleanup policy for repository in us-central1. Images older than 1 days will be automatically deleted. 
[debug] [2026-08-03T13:23:09.659Z] Setting up artifact cleanup policy for region us-central1
[debug] [2026-08-03T13:23:09.659Z] Checked if tokens are valid: true, expires at: 1785764767620
[debug] [2026-08-03T13:23:09.659Z] Checked if tokens are valid: true, expires at: 1785764767620
[debug] [2026-08-03T13:23:09.659Z] >>> [apiv2][query] PATCH https://artifactregistry.googleapis.com/v1/projects/entrenando-8a141/locations/us-central1/repositories/gcf-artifacts updateMask=name%2CcleanupPolicies%2CcleanupPolicyDryRun%2Clabels
[debug] [2026-08-03T13:23:09.659Z] >>> [apiv2][body] PATCH https://artifactregistry.googleapis.com/v1/projects/entrenando-8a141/locations/us-central1/repositories/gcf-artifacts {"name":"projects/entrenando-8a141/locations/us-central1/repositories/gcf-artifacts","cleanupPolicies":{"firebase-functions-cleanup":{"id":"firebase-functions-cleanup","condition":{"tagState":"ANY","olderThan":"86400s"},"action":"DELETE"}},"cleanupPolicyDryRun":false,"labels":{"goog-managed-by":"cloudfunctions"}}
[debug] [2026-08-03T13:23:09.822Z] <<< [apiv2][status] PATCH https://artifactregistry.googleapis.com/v1/projects/entrenando-8a141/locations/us-central1/repositories/gcf-artifacts 200
[debug] [2026-08-03T13:23:09.822Z] <<< [apiv2][body] PATCH https://artifactregistry.googleapis.com/v1/projects/entrenando-8a141/locations/us-central1/repositories/gcf-artifacts {"name":"projects/entrenando-8a141/locations/us-central1/repositories/gcf-artifacts","format":"DOCKER","description":"This repository is created and used by Cloud Functions for storing function docker images.","labels":{"goog-managed-by":"cloudfunctions"},"createTime":"2026-08-03T13:20:50.615729Z","updateTime":"2026-08-03T13:23:09.749395Z","mode":"STANDARD_REPOSITORY","cleanupPolicies":{"firebase-functions-cleanup":{"id":"firebase-functions-cleanup","action":"DELETE","condition":{"tagState":"ANY","olderThan":"86400s"}}},"vulnerabilityScanningConfig":{"lastEnableTime":"2026-08-03T13:20:40.490850656Z","enablementState":"SCANNING_DISABLED","enablementStateReason":"API containerscanning.googleapis.com is not enabled."},"satisfiesPzi":true}
[info] i  functions: Configured cleanup policy for repository in us-central1. 
[warn] ⚠  functions: Failed to set up cleanup policy for repositories in region southamerica-east1.This could result in a small monthly bill as container images accumulate over time. 
[warn] ⚠  functions: Functions successfully deployed but could not set up cleanup policy in region southamerica-east1. Pass the --force option to automatically set up a cleanup policy or run 'firebase functions:artifacts:setpolicy' to set up a cleanup policy to automatically delete old images. 
[debug] [2026-08-03T13:23:09.822Z] Functions deploy failed.
[debug] [2026-08-03T13:23:09.823Z] {
  "endpoint": {
    "id": "asignarRolClaim",
    "project": "entrenando-8a141",
    "region": "southamerica-east1",
    "entryPoint": "asignarRolClaim",
    "platform": "gcfv2",
    "runtime": "nodejs20",
    "eventTrigger": {
      "eventType": "google.cloud.firestore.document.v1.created",
      "retry": false,
      "eventFilters": {
        "database": "(default)",
        "namespace": "(default)"
      },
      "eventFilterPathPatterns": {
        "document": "usuarios/{uid}"
      },
      "region": "southamerica-east1"
    },
    "labels": {
      "deployment-tool": "cli-firebase"
    },
    "serviceAccount": null,
    "ingressSettings": null,
    "availableMemoryMb": null,
    "timeoutSeconds": null,
    "maxInstances": null,
    "minInstances": null,
    "concurrency": 80,
    "vpc": null,
    "environmentVariables": {
      "FIREBASE_CONFIG": "{\"projectId\":\"entrenando-8a141\",\"storageBucket\":\"entrenando-8a141.firebasestorage.app\"}",
      "GCLOUD_PROJECT": "entrenando-8a141",
      "EVENTARC_CLOUD_EVENT_SOURCE": "projects/entrenando-8a141/locations/southamerica-east1/services/asignarRolClaim",
      "FUNCTION_REGION": "southamerica-east1"
    },
    "codebase": "default",
    "cpu": 1,
    "targetedByOnly": false,
    "hash": "6b3553fae1d2f6db6503fadaec9d4cd4db42624b"
  },
  "op": "create",
  "original": {
    "name": "FirebaseError",
    "children": [],
    "context": {
      "function": "projects/entrenando-8a141/locations/southamerica-east1/functions/asignarRolClaim"
    },
    "exit": 1,
    "message": "Failed to create function projects/entrenando-8a141/locations/southamerica-east1/functions/asignarRolClaim",
    "original": {
      "name": "FirebaseError",
      "children": [],
      "context": {
        "body": {
          "error": {
            "code": 400,
            "message": "Validation failed for trigger projects/entrenando-8a141/locations/southamerica-east1/triggers/asignarrolclaim-047363: Invalid resource state for \"\": Permission denied while using the Eventarc Service Agent. If you recently started to use Eventarc, it may take a few minutes before all necessary permissions are propagated to the Service Agent. Otherwise, verify that it has Eventarc Service Agent role.",
            "status": "FAILED_PRECONDITION"
          }
        },
        "response": {
          "statusCode": 400
        }
      },
      "exit": 1,
      "message": "Request to https://cloudfunctions.googleapis.com/v2/projects/entrenando-8a141/locations/southamerica-east1/functions?functionId=asignarRolClaim had HTTP Error: 400, Validation failed for trigger projects/entrenando-8a141/locations/southamerica-east1/triggers/asignarrolclaim-047363: Invalid resource state for \"\": Permission denied while using the Eventarc Service Agent. If you recently started to use Eventarc, it may take a few minutes before all necessary permissions are propagated to the Service Agent. Otherwise, verify that it has Eventarc Service Agent role.",
      "status": 400
    },
    "status": 400,
    "code": 400
  }
}
[debug] [2026-08-03T13:23:09.823Z] {
  "endpoint": {
    "id": "recalcularStats",
    "project": "entrenando-8a141",
    "region": "southamerica-east1",
    "entryPoint": "recalcularStats",
    "platform": "gcfv2",
    "runtime": "nodejs20",
    "eventTrigger": {
      "eventType": "google.cloud.firestore.document.v1.created",
      "retry": false,
      "eventFilters": {
        "database": "(default)",
        "namespace": "(default)"
      },
      "eventFilterPathPatterns": {
        "document": "usuarios/{uid}/historial/{sesionId}"
      },
      "region": "southamerica-east1"
    },
    "labels": {
      "deployment-tool": "cli-firebase"
    },
    "serviceAccount": null,
    "ingressSettings": null,
    "availableMemoryMb": null,
    "timeoutSeconds": null,
    "maxInstances": null,
    "minInstances": null,
    "concurrency": 80,
    "vpc": null,
    "environmentVariables": {
      "FIREBASE_CONFIG": "{\"projectId\":\"entrenando-8a141\",\"storageBucket\":\"entrenando-8a141.firebasestorage.app\"}",
      "GCLOUD_PROJECT": "entrenando-8a141",
      "EVENTARC_CLOUD_EVENT_SOURCE": "projects/entrenando-8a141/locations/southamerica-east1/services/recalcularStats",
      "FUNCTION_REGION": "southamerica-east1"
    },
    "codebase": "default",
    "cpu": 1,
    "targetedByOnly": false,
    "hash": "6b3553fae1d2f6db6503fadaec9d4cd4db42624b"
  },
  "op": "create",
  "original": {
    "name": "FirebaseError",
    "children": [],
    "context": {
      "function": "projects/entrenando-8a141/locations/southamerica-east1/functions/recalcularStats"
    },
    "exit": 1,
    "message": "Failed to create function projects/entrenando-8a141/locations/southamerica-east1/functions/recalcularStats",
    "original": {
      "name": "FirebaseError",
      "children": [],
      "context": {
        "body": {
          "error": {
            "code": 400,
            "message": "Validation failed for trigger projects/entrenando-8a141/locations/southamerica-east1/triggers/recalcularstats-840121: Invalid resource state for \"\": Permission denied while using the Eventarc Service Agent. If you recently started to use Eventarc, it may take a few minutes before all necessary permissions are propagated to the Service Agent. Otherwise, verify that it has Eventarc Service Agent role.",
            "status": "FAILED_PRECONDITION"
          }
        },
        "response": {
          "statusCode": 400
        }
      },
      "exit": 1,
      "message": "Request to https://cloudfunctions.googleapis.com/v2/projects/entrenando-8a141/locations/southamerica-east1/functions?functionId=recalcularStats had HTTP Error: 400, Validation failed for trigger projects/entrenando-8a141/locations/southamerica-east1/triggers/recalcularstats-840121: Invalid resource state for \"\": Permission denied while using the Eventarc Service Agent. If you recently started to use Eventarc, it may take a few minutes before all necessary permissions are propagated to the Service Agent. Otherwise, verify that it has Eventarc Service Agent role.",
      "status": 400
    },
    "status": 400,
    "code": 400
  }
}
[error] Error: There was an error deploying functions:
[error] - Error Failed to create function asignarRolClaim in region southamerica-east1
[error] - Error Failed to create function recalcularStats in region southamerica-east1
